970.9/236,984.9/236,998.9/236,1012.9/236,1026.9/236,1040.99/236,1055/236,1069/236,1083.03/236,1097/236,970.9/250,984.9/250,998.9/250,1012.9/250,1026.9/250,1055/250,1069/250,1083.03/250,1097/250,970.9/264,984.9/264,998.9/264,1012.9/264,1026.9/264,1040.99/264,1055/264,1069/264,1083.03/264,1097/264,970.9/278,984.9/278,998.9/278,1012.9/278,1026.9/278,1040.99/278,1055/278,1069/278,1083.03/278,1097/278,970.9/292,984.9/292,998.9/292,1012.9/292,1026.9/292,1040.99/292,1055/292,1069/292,1083.03/292,1097/292,970.9/306,984.9/306,998.9/306,1012.9/306,1026.9/306,1040.99/306,1055/306,1069/306,1083.03/306,1097/306,970.9/320,984.9/320,998.9/320,1012.9/320,1026.9/320,1040.99/320,1055/320,1069/320,1083.03/320,1097/320,Condition,Sample
33395,282334,53159,67800,3072,929,476,268,125,176,83555,81921,566238,73643,87694,3823,291,296,183,5679,233088,233864,1411507,184736,241593,8851,6444,101,43,8358,5981,114950,90661,603660,75983,74976,2449,1877,113,20766,59893,32514,537267,427814,3110605,241106,282122,180,129,882,375,9804,5547,81643,61664,251925,26039,25677,370,173,17702,8224,24557,9449,110241,55444,259484,19814,20647,NT,1-NT-J1
18466,105808,21822,31295,2031,1889,388,50,91,85,54183,60636,385581,74403,80049,3715,310,252,52,846,132987,142511,929006,153444,209989,10312,6776,434,132,2124,4387,45075,53039,285014,67171,67887,4128,1630,52,2283,25775,16937,204645,218166,1533333,218961,265397,150,116,528,95,6772,4831,62871,67288,331281,60679,58760,1933,388,9383,4742,15536,6830,95059,97810,480785,73422,68019,T,1-T-J1
23581,137532,33334,36033,3262,1299,340,97,61,52,65345,79259,485233,103045,113591,6111,716,318,26,764,148364,184914,1101412,209325,274175,17063,12049,234,208,5427,10945,56360,66642,378384,85394,90250,4848,3225,129,4066,22673,25430,265921,300302,2021439,324276,356962,1273,74,1135,241,10801,8917,88532,115380,517664,95548,80837,4306,273,12407,7127,19185,13139,176092,153614,780791,114105,96518,T,1-T-J9
37657,315672,75943,141409,7385,6708,507,225,134,103,86231,108399,898872,209987,274502,18759,143,376,182,382,204010,262988,2076763,392202,744220,43554,36518,34,292,2556,9141,73827,81655,630283,161783,234163,14480,8532,155,14070,36463,28252,378732,459187,4285969,774801,1118934,3426,87,833,234,13835,7369,98002,140070,867736,151091,195674,11388,125,16661,9012,24454,11489,186802,192535,1281147,208947,222498,T,3-T-J1
5325,35467,10992,17435,562,991,244,145,113,98,10094,11339,113922,24536,41584,1673,96,94,265,620,29559,38715,310989,59090,112060,4557,6137,98,101,1804,1841,12158,13944,99788,27004,40183,2155,1058,197,815,6337,3378,66443,75509,786571,147473,207359,158,144,308,389,1889,1108,20288,29082,183886,32120,39172,790,31,7325,1159,5410,2137,34035,43853,272158,50889,51995,T,3-T-J9
19946,309422,42446,100111,3649,2099,366,130,121,353,52268,54054,468358,72683,94085,4263,357,338,169,1824,227472,179469,1768678,191813,363973,12511,12077,495,97,1779,4226,64654,49174,427241,59045,88706,3972,3352,144,10047,45942,28068,485924,345229,3343000,346017,594286,1897,89,845,1000,7922,3905,65672,42375,363161,38601,56986,1094,84,5119,5416,24236,7376,154471,89556,739996,70432,105311,NT,3-NT-J11
9212,73109,18604,27869,2205,1556,140,87,155,108,17761,29586,203458,46850,59209,3957,103,228,160,302,51101,66451,492480,110762,176447,10339,8029,186,144,1866,1550,23147,32033,195559,52847,69575,4374,2597,85,2100,12311,10458,139909,182111,1411512,281741,336645,147,106,544,281,5361,3323,42828,57965,367515,67144,73495,3320,118,4102,3829,11304,5890,74612,85465,504838,90773,86074,T,3-T-J11
29157,256529,32563,46052,1520,1935,359,96,189,380,62460,54169,383361,48364,60953,1350,318,220,149,2139,218255,188291,1258031,146435,205704,7392,5162,201,96,3851,6295,100249,76955,569005,76470,85839,3651,2109,26,15987,66870,35045,737339,615030,4860646,438342,521516,180,86,713,94,13189,6514,117045,104511,538212,60058,54058,1006,353,19686,7617,32875,14583,252408,173610,964885,84538,85238,NT,4-NT-J1
23851,174570,34793,38924,2013,2480,254,180,61,26,43140,61034,375936,66917,66905,4646,375,203,258,556,121100,140487,902769,129774,185140,7093,5689,122,82,4270,4006,59564,56574,341974,78133,72933,4030,1908,77,3351,26538,14942,260392,267939,2103783,266324,325546,169,119,575,47,8019,5307,60793,74424,317262,45542,49857,1059,268,10079,3939,13394,5633,99877,83764,426553,55383,55179,T,4-T-J1
7249,43619,8869,12861,790,990,195,139,30,77,13839,18918,111770,20186,24781,1183,553,63,155,752,39652,49876,280696,53815,73056,5183,3807,303,97,387,1448,21743,21537,132379,25579,33130,1359,1991,318,2788,10747,7373,96341,112553,764120,112804,154815,248,62,910,392,4490,2016,25698,30813,167976,25702,25388,545,119,4346,1712,6328,4361,38727,44251,236495,35709,31564,T,4-T-J9
26976,208454,34343,43960,1416,1452,805,289,91,155,35013,44403,315005,38900,45291,946,469,195,381,1503,178325,142160,1041167,113491,169452,6479,4156,194,184,8396,1980,78420,66799,445323,60824,60237,1260,1246,88,795,43425,27948,551811,478148,3544506,330942,377552,88,37,568,327,8979,3862,87822,66305,391339,41284,44155,1086,403,14196,6871,21982,7942,193527,115743,692103,60120,67831,NT,4-NT-J11
9266,63570,15491,17867,1656,607,270,144,30,120,22482,30120,167677,33758,31037,1824,232,182,146,841,61479,70869,425882,74224,110279,6425,4946,58,270,2919,4549,31160,36648,197236,45927,50324,2250,1352,26,1951,17167,12718,161369,172886,1226773,205010,228740,363,180,1058,465,5854,4092,40968,49789,256040,39360,36717,888,152,8352,3937,10939,5302,79010,73807,367921,53708,47361,T,4-T-J11
19296,166846,24875,34695,1488,875,307,129,212,124,48105,46238,335537,40036,52950,2226,319,356,77,1177,197559,145080,1042408,107067,149945,5590,4403,34,158,1633,1469,90447,64140,459025,54913,50168,2311,612,103,1778,62414,26470,587620,436635,3341149,244223,305049,1299,157,928,937,9648,5246,89091,60640,318655,31347,32581,1346,63,13762,7446,30202,7533,184743,99711,558609,43530,45764,NT,5-NT-J1
7289,48318,8078,7685,834,146,76,185,99,26,13427,21413,112755,20716,17921,372,355,217,357,231,45588,52790,288082,40742,53909,2574,1656,166,166,615,1928,26655,26790,155728,30767,29147,828,556,71,938,9244,9706,162617,153737,1108179,145914,148749,1344,138,225,192,4638,2234,41906,49604,224371,32168,29758,1054,89,5863,3024,7925,4876,82323,80570,349912,45237,33645,T,5-T-J11
51375,466971,97867,131742,4576,5589,804,174,97,51,91270,114357,897382,171747,189638,7447,452,250,180,1115,227364,278010,2133368,306793,483867,21840,18632,101,151,3484,7368,92782,103133,683161,130687,163263,10690,7316,99,5318,37527,24427,488129,484481,4237693,556840,768296,7998,50,2107,335,8864,5109,94634,117156,678651,106310,117020,2346,273,6069,5914,25625,10284,198771,174654,1058779,142515,157995,NT,7-NT-J1
36632,222902,69644,86836,11013,5937,449,172,91,69,83323,114714,844264,220423,268923,18111,149,97,202,608,192166,298132,1859360,434195,669626,51001,34603,67,252,12861,14563,80604,120833,642977,196664,219093,20671,12183,394,8089,28967,24895,322760,405680,3013495,666137,797506,11075,148,255,191,13683,9349,100818,168312,756436,182063,178512,12611,368,14640,8344,20154,10599,160197,187234,913934,192470,175389,T,7-T-J1
8951,63262,20467,25703,2322,1226,219,157,84,94,23928,34071,229881,63643,77053,5909,441,219,26,634,57415,84244,531464,131293,202887,15909,12641,497,82,2560,6208,24487,29467,191412,58163,73189,6776,3590,194,514,11942,7041,95570,136978,1017681,247413,284517,6282,155,423,1041,5164,3171,37198,64090,332092,70998,76659,5262,212,9104,3298,9533,5266,62058,87447,388944,88557,81892,T,7-T-J9
20324,179662,40998,53487,2177,3588,441,178,101,91,37115,48942,363227,62643,75973,3899,235,369,77,951,98069,113376,776289,122284,193410,9878,8504,146,209,1428,1570,39325,39186,289306,56360,77351,3647,1740,103,5308,14099,13077,207676,214051,1884600,289057,377578,4641,135,756,190,4208,2559,44697,54388,345366,52614,62460,2334,63,6321,2944,11369,6134,108699,99736,606395,82817,92531,NT,7-NT-J11
11717,72726,21877,31049,2849,1046,561,238,148,77,23182,43822,258430,68203,89187,6065,191,380,134,567,60982,100982,619549,161793,249915,16047,14102,34,136,7907,8007,31725,43454,256517,75561,96680,8327,2798,105,3288,11743,13161,129572,188404,1343072,308950,366934,2570,57,349,581,7473,3057,52843,79958,408011,94247,98119,6633,123,6421,2603,10309,4806,82910,108462,530195,118817,97697,T,7-T-J11
17507,214677,25695,45909,1283,811,173,161,94,170,28599,27037,245377,28721,38640,790,438,317,230,907,124878,94319,851481,71376,150020,3763,4380,236,148,878,2044,47371,33286,266896,35170,49908,1567,1545,81,2275,32864,15010,314232,208707,2324462,198846,348718,707,171,360,360,3058,1612,32328,24091,196051,19556,27667,488,731,4689,2123,10940,4132,73875,45297,327732,28481,40618,NT,8-NT-J1
9550,75019,16807,28920,2565,1892,468,86,135,113,21030,32957,242875,49555,58885,2143,405,205,232,573,70639,99934,671747,117565,194698,12941,5496,101,120,1201,5453,36199,44269,269370,66738,84798,4841,2559,103,6493,15660,13729,174876,209002,1782894,302088,356692,4656,51,439,92,6368,3726,42146,64490,352315,61652,60691,2262,746,11083,2052,8942,5056,79867,84522,455501,71573,65947,T,8-T-J1
11722,78685,20110,29801,2787,1059,589,220,99,170,21451,38227,261280,52729,56492,2574,290,188,271,1053,76420,99189,695485,132190,215999,11146,8181,192,94,3911,9890,43067,51169,315197,81992,89994,6189,2763,26,7268,19569,13109,221523,274251,1965580,381639,425599,6014,174,808,1738,5248,3359,61082,80444,522570,82955,96582,2814,977,7501,3472,13032,5704,97689,131666,649932,111538,94647,T,8-T-J9
9377,106127,15048,22222,949,846,274,99,61,77,16289,20749,152534,20586,24798,1506,458,382,141,211,69745,61275,482396,54443,116264,4756,1903,34,94,679,2361,29814,23874,192621,31618,42769,1079,1594,116,1899,15541,6816,186252,149263,1599318,161897,259084,2248,48,381,317,3646,1682,27444,23813,173339,21791,28419,287,115,2435,1678,8109,2940,61174,38687,307541,32587,35514,NT,8-NT-J11
9828,84440,19267,27025,2367,1465,406,143,109,77,24629,36585,253377,54632,71485,2436,194,251,409,731,77427,112485,708311,137061,209639,11637,8430,117,101,3001,6795,39308,52267,320780,77204,88498,4339,3902,144,6224,19093,14883,197888,274395,1921773,354450,406004,164,220,783,47,8416,4588,57636,77837,432425,82847,75454,3761,494,5319,4186,11344,7308,93552,109992,587057,93598,75427,T,8-T-J11
9442,92580,17972,26799,1482,2395,380,157,63,141,16359,20860,173972,27883,35477,1031,378,189,185,170,75861,68898,586530,74874,138096,6535,4852,70,71,704,2265,27447,31738,204315,35963,45287,1085,1439,103,5551,22945,13648,211118,187541,1699681,203126,303024,3241,125,159,190,4935,1642,34983,29297,218484,29416,39843,1039,608,6648,3350,14740,4220,84090,69080,459537,54312,67101,NT,9-NT-J1
15875,129572,36478,53087,4552,3074,564,43,89,103,44450,66948,559647,115232,140836,6825,709,32,179,86,145428,218270,1513188,273519,508955,25155,19788,331,147,4275,8387,70900,73981,474986,140809,154357,7624,6402,329,7900,32465,25519,355632,403100,3852493,584970,775209,20,76,613,586,10933,5918,96224,139229,711457,138480,136496,6778,506,16439,8026,26005,12854,181517,176578,1073787,167895,146996,T,9-T-J1
11112,73222,19575,26051,3066,2113,427,137,146,104,28437,37142,285428,62924,68741,4648,556,189,210,380,84643,111415,766440,152739,250959,13970,10531,311,153,1660,3805,38156,40107,258957,64567,84604,4600,3529,118,2529,21633,18535,188989,218797,1807539,317335,409674,6806,246,903,636,6993,2987,60015,65351,365590,71078,64732,3076,373,11441,4710,12630,6861,86429,86762,429070,67035,56006,T,9-T-J9
12303,128980,25995,45915,3613,2309,144,190,250,52,23608,32945,254729,43644,56245,1135,204,193,155,472,116877,103574,988114,126869,219395,8101,8077,153,220,1439,5057,50353,39376,335837,47702,69713,2291,1267,50,10241,30755,16985,335527,305646,2746370,310681,478673,3341,107,331,237,7019,3722,63446,54217,339731,44578,55653,1205,584,8728,5191,19438,9709,132808,91432,646642,74408,84378,NT,9-NT-J11
6514,43657,10972,16708,1495,358,813,220,119,52,16589,26568,184691,37360,47058,2312,598,407,386,892,58924,84065,543869,116042,176194,14929,9395,268,73,8405,8758,27897,35903,207534,61387,72764,2926,1534,124,2609,16491,12585,161232,209899,1577583,286570,384959,436,48,312,141,5698,3408,48241,74251,419423,75513,74596,1609,272,5995,4864,12377,6744,114687,116170,612888,117040,103007,T,9-T-J11
16183,158802,20970,36048,1003,1055,867,214,79,242,27730,28797,202691,23323,34775,1117,95,94,281,1742,109442,101593,744752,88268,142871,7672,4705,214,184,1956,1244,57742,45494,329232,44802,54247,3123,1309,88,6419,38772,26130,431348,345918,2872831,254386,303543,1856,100,725,485,7798,2226,68016,57292,316514,29478,29669,849,176,7449,5358,20300,7249,163846,98136,583604,43518,56999,NT,10-NT-J1
12889,88649,15361,21506,1659,1286,363,87,30,77,19036,24990,150974,26176,28147,1146,482,161,245,300,58452,69302,409902,60529,89482,3815,3541,165,99,981,2790,27968,27928,134286,26199,32964,1949,890,108,1151,11319,10240,168547,147246,1175085,175384,194741,2278,74,291,143,7503,3842,46715,50511,272731,42237,34995,935,90,7149,2950,11812,6613,106834,94915,444302,55234,49741,T,10-T-J1
8032,46240,8916,11059,391,398,585,228,31,52,8679,13452,83877,16583,18035,1470,376,860,129,283,33329,39740,248351,40232,63614,4570,2550,168,105,1363,6387,17351,15409,81613,20407,24169,1356,594,172,3570,10597,3234,112476,120510,847356,133246,164581,682,59,1417,46,3742,1983,39547,46361,246409,37285,43555,1569,442,4994,3809,12780,5482,108390,102128,467034,70022,62721,T,10-T-J9
12259,116008,21195,28838,1199,1024,939,230,63,128,20317,19984,171476,25028,31077,948,496,163,180,1591,86968,84781,621480,71159,114064,4206,1645,191,137,2262,2385,42178,37620,262255,35363,41097,856,1177,258,5479,23093,23504,344350,280690,2278265,212608,261784,141,98,1309,330,5944,2119,57890,50804,287840,28408,29821,1301,1307,7810,1309,17057,5825,157226,93375,538202,44225,51998,NT,10-NT-J11
3402,26873,4829,5741,505,225,130,144,30,52,5929,7010,48831,8122,10123,464,97,169,164,154,20564,25881,137943,27738,39456,2977,1632,205,238,96,3204,8553,9075,50824,13032,13224,804,1143,103,275,5982,5379,58530,60104,431664,64724,80269,567,103,331,366,2414,965,18524,26237,114990,20203,18683,1006,188,2905,2084,5587,3820,40043,43953,219271,30169,29677,T,10-T-J11
11216,115209,20642,46703,2801,1107,851,95,61,144,28292,24926,246843,51117,71068,2740,201,349,225,1281,125211,96511,944798,142024,299499,12293,12938,270,143,4681,9898,45051,44683,357528,65696,100307,4611,2759,126,6695,37279,17639,320825,274043,2862325,344276,617353,1049,119,476,96,6927,3928,57703,43312,346977,46288,69971,2471,109,14250,5062,18456,7653,109309,89895,626253,76250,114683,NT,11-NT-J1
22469,175315,46890,74982,6002,6528,330,133,30,184,37096,64622,453288,103630,141220,8027,401,32,198,712,92428,139984,1030734,211759,408033,20246,18368,34,26,1080,10688,47124,58328,413434,115693,164488,9208,7944,54,559,22351,24515,247664,301903,2773867,514533,777277,9040,107,850,184,7057,6240,66002,87758,580048,115543,145716,8422,186,12768,7010,16050,10675,120810,147604,910504,166290,196681,T,11-T-J1
6631,48949,10532,20746,2362,2170,553,237,61,114,10817,18328,131942,32842,43630,1748,383,212,52,318,32625,46755,381066,84217,148273,10733,7538,67,123,2395,4152,16799,18761,155197,41005,68592,3590,3021,116,1637,8811,7245,92396,117054,1046000,211394,339837,4966,170,224,574,3223,595,25546,40450,290069,50896,68884,3116,157,4601,2621,6534,3985,58107,70453,457565,86681,103173,T,11-T-J9
10482,112001,22199,44007,2164,2705,287,318,30,149,23310,22574,214105,39970,69608,4144,582,284,182,1831,110386,81658,834625,120553,251315,14438,10371,101,125,845,8337,39220,33708,306501,56741,91706,4205,2279,159,9043,34058,16209,281116,224341,2524027,300857,540428,5984,100,325,383,6672,2455,49232,41041,280452,33933,60769,981,290,14145,4604,16704,6287,95814,72097,498093,65266,106062,NT,11-NT-J11
2873,31101,7796,13749,959,995,244,133,120,151,6555,11523,80263,20349,30300,1537,491,284,178,94,16536,28144,199193,49207,83613,7898,2316,135,122,899,3967,9637,11615,88176,24229,39653,2692,1920,74,270,4876,4598,46148,63322,592463,115885,191692,2462,91,496,290,1696,647,16833,19744,147646,28259,33463,1119,638,1076,1542,3620,1614,34713,35805,265128,48148,51923,T,11-T-J11
5901,52800,10315,13429,1135,313,280,89,117,77,13905,17827,100895,20128,20195,572,144,423,141,547,44088,47468,299776,41113,65349,6800,601,101,68,2741,3269,22148,23143,125624,23453,23504,1572,951,52,2584,10609,8832,140866,134138,966404,122934,165362,157,46,1021,397,4740,2478,33034,32916,195449,22558,29856,783,367,2768,4019,12903,4961,81473,74270,406001,48538,50237,NT,12-NT-J1
25327,156964,45353,47615,5149,2868,277,135,96,47,55294,88222,526468,114517,121023,4768,106,94,123,1026,130272,199547,1053892,207275,311568,20542,10641,697,267,9456,12550,52106,72180,359822,102806,114745,6061,4969,157,5358,21024,20273,247484,320822,2025118,423898,462284,6285,129,931,191,12623,7156,105412,159482,716493,141743,120149,5299,178,19574,9113,24798,14679,195125,241254,1083134,187418,144028,T,12-T-J1
13160,76936,18857,25297,1323,1754,954,46,127,52,27863,47872,240552,54755,55177,3131,246,253,227,318,57989,96038,518479,118511,162996,9252,7209,180,44,3769,10801,27176,35478,194242,54396,63842,4212,2271,105,936,11357,12732,125405,176702,1143744,229534,245911,162,66,439,188,5945,5701,53759,85374,368484,76259,78842,2380,282,10695,5506,15257,8464,103032,138329,616597,117376,91640,T,12-T-J9
16563,149443,30800,43206,2665,1740,217,89,91,83,35633,44028,302267,53183,59647,1789,509,126,26,1302,125400,138136,961066,124300,192963,8629,6274,135,71,3848,4636,57907,59330,401576,68050,69489,3033,1905,170,15376,41638,30458,400305,395067,2987115,319639,407010,234,224,578,49,11232,7276,95689,82650,429336,59898,64671,2196,279,21805,8697,30196,12431,192390,145709,792011,92107,92336,NT,12-NT-J11
20741,110253,30531,30830,1648,1788,135,241,101,91,40194,66054,348875,87377,78312,5463,417,267,113,775,90973,138699,727639,154289,216389,16273,7484,202,165,7391,9622,41085,53723,277835,74669,84131,5487,3393,181,1678,14739,17384,172531,241051,1441872,292161,313939,2233,90,244,92,8170,5456,80259,112523,469573,107624,86116,5487,31,13641,4682,15062,8673,115212,159346,671752,126139,90793,T,12-T-J11
6942,60543,11426,14803,828,656,389,170,153,52,11099,14570,106347,17720,23911,1495,343,194,282,540,39372,38960,293773,37958,57224,1204,2288,67,121,2499,2864,21590,18650,133003,19083,24419,1309,816,26,2021,8462,7999,150890,122893,988386,116635,179695,316,62,1003,93,2236,1560,23038,19920,122897,15957,20015,181,167,4797,2488,8165,4062,54323,34853,246961,28019,38486,NT,13-NT-J1
9750,73016,19245,29824,2998,1923,512,134,139,26,15608,24625,191635,39585,55613,3858,249,62,204,487,48360,67961,463187,89774,183669,11355,7868,136,132,1635,4992,22673,26707,189237,46800,65457,4549,2368,103,4289,8414,9731,116817,145612,1236645,243739,317506,176,60,283,96,5430,2518,33208,54985,289705,59269,67245,1338,1433,7608,3781,8607,3604,73516,80176,469369,74745,90241,T,13-T-J1
7127,57405,16096,22351,1621,1539,490,92,121,138,13594,19814,147451,37525,50965,2013,451,283,52,298,49529,60850,447029,94232,145425,10828,6756,101,156,4925,8611,22023,30922,185709,48317,63830,3952,2350,77,2015,13545,9025,138443,161667,1356097,274190,360319,3647,184,586,47,5401,2924,43288,59145,364312,64755,84099,4476,1272,10419,4590,12932,6192,101990,115174,657807,109286,122079,T,13-T-J9
3868,41331,6536,13950,346,273,623,130,61,87,8118,11032,72245,12926,11287,820,559,316,207,563,30846,24509,221960,30081,40547,2947,2069,245,135,1896,2617,15855,13705,82483,14543,21259,711,445,166,970,9211,6187,92469,78991,695864,77524,126286,1714,129,100,92,1687,1458,15106,15205,100177,12546,18558,804,322,1387,2656,6127,3077,42682,31823,206020,28357,31154,NT,13-NT-J11
6373,45485,10178,14885,1957,736,357,206,61,47,11284,18761,129176,26779,38909,3444,331,165,144,188,30511,45487,330080,63086,108614,8844,5906,65,117,486,2193,14618,15899,119945,28497,44293,2282,1321,105,3272,7392,5051,75904,97818,809481,160418,214808,2123,62,979,628,3458,2410,22833,38114,220393,42174,51489,2258,557,8065,2773,8154,4748,60092,61309,392939,68568,70022,T,13-T-J11
1248,38981,6519,13566,1174,1289,289,334,186,77,6019,9863,70075,11887,17535,940,287,130,103,260,20547,21539,181633,31663,66560,3971,912,137,109,134,341,7692,8201,65890,12831,22182,1037,871,114,646,4132,1710,43071,42108,435966,71318,116017,1653,93,660,46,1206,533,7825,8702,81745,12622,16787,1003,63,1293,486,2422,1213,25986,20961,168809,24977,33647,NT,14-NT-J1
15901,120352,32235,58043,1462,2308,1488,267,124,182,29846,43156,366895,85807,104870,6587,47,99,160,886,89332,129024,998240,196259,467917,22167,16785,1180,95,3419,11921,30980,37186,301767,89749,101234,8241,4114,87,5918,14271,10130,157129,229296,2011367,356194,529012,5472,62,730,854,6451,4428,50658,66369,386506,88764,89918,5181,760,9183,3511,12496,6148,95840,102435,683015,122015,124381,T,14-T-J1
4122,42969,10498,18799,799,834,376,152,168,110,10429,15371,119172,31178,36155,2528,549,403,52,86,32882,47670,325885,73101,134687,12389,6164,111,119,652,2056,12677,16414,111238,32691,43326,3105,2528,247,524,4207,4702,55167,82404,679252,146163,195726,860,87,509,141,2030,905,16306,27235,173255,30878,46176,1759,503,3646,1819,3871,2435,36719,38614,277876,52574,58721,T,14-T-J9
12064,119134,22936,40629,2702,1622,135,132,217,100,18835,24229,208456,37456,50245,2470,363,197,144,429,62679,69306,598034,91315,198049,9694,8703,502,152,349,1693,20469,23526,181856,41694,56025,3459,2736,80,148,11128,6017,115551,124832,1205186,193990,297209,3692,123,243,216,4321,1239,22912,26052,193899,29107,43902,2495,313,8178,1574,7814,3695,58397,49518,373352,54573,64647,NT,14-NT-J11
2721,26475,9101,11453,795,281,170,48,32,93,6474,12429,85761,26005,28733,3439,214,162,213,347,21907,33761,235173,64028,112318,7110,5813,147,71,638,4234,8041,12900,84923,27060,34933,1390,2309,107,891,6106,2553,44105,62360,494744,116516,171688,3477,278,287,187,1797,916,15135,21557,143557,32093,35573,1677,442,1110,1133,3229,1923,32444,39656,227817,44309,49490,T,14-T-J11
21534,235120,44138,84801,3479,3174,492,292,62,52,27256,38235,340425,60323,78449,2963,696,317,144,959,116681,115123,1030538,141243,263659,11354,7334,134,166,1691,3548,56334,51641,496475,85326,107354,6253,4450,250,6403,29755,19581,385185,374718,3461741,430938,754077,3952,59,1628,1089,7673,3212,59647,57405,419051,52841,75932,1007,227,8749,4894,19170,7240,128822,99540,715256,83011,116531,NT,15-NT-J1
15168,113182,32537,46787,4117,1709,362,99,81,79,22640,40286,322388,75623,85592,4002,572,290,99,192,65767,102337,663723,143199,314143,18215,9959,80,113,1327,4174,32585,40196,320166,97171,114948,10628,3964,59,1449,12932,11514,145753,248529,2070664,387202,697418,7051,87,334,743,4841,2108,57167,78821,430429,133475,93275,3591,63,7024,3409,8984,6563,86712,112183,731328,107337,108382,T,15-T-J1
7426,38518,13084,15756,953,897,369,46,148,115,13294,18960,124744,36317,42225,1723,277,126,165,109,28614,51204,335645,78705,151455,8924,7897,378,136,5802,6343,15338,24106,147409,55407,63819,6926,3242,233,2672,7910,5742,75473,112136,871940,219365,290608,185,51,450,661,4124,1572,24928,54280,273293,68160,68734,2565,126,1919,2314,6518,4026,52023,74918,406680,88210,77535,T,15-T-J9
15733,154468,30059,56992,1913,972,722,130,61,65,19724,27618,245887,45599,50830,3197,633,240,160,272,70735,83450,700029,104213,204794,11017,7618,263,71,472,1334,38909,35267,305723,61904,86543,4163,4378,129,1944,20747,9654,230975,242424,2314044,321210,594101,3740,111,481,233,4109,2881,41208,46339,353826,58086,70369,1428,441,4089,2514,11459,6902,105701,92748,658576,89545,114580,NT,15-NT-J11
2058,35514,10602,14934,1535,362,267,251,91,50,8130,15315,96606,29701,34144,1291,909,262,357,82,20707,37981,227958,66556,111064,6798,6230,64,95,1188,3465,10548,19761,130793,46540,51986,4899,2697,77,931,6297,5704,54940,91167,724307,181902,237006,3789,71,238,232,3056,482,25087,35437,234105,58955,61320,1509,125,3171,1834,5019,2864,40390,54404,322199,69833,69814,T,15-T-J11
14830,113484,32272,36399,823,2304,521,184,188,52,24698,40635,264060,53018,70118,5255,419,369,77,814,66174,84920,588523,106797,175763,10264,7932,101,95,1982,8833,29764,40559,259204,59235,68915,5113,3393,103,5244,18610,13459,192170,213406,1845952,321257,431563,313,87,1394,48,10533,3629,71058,90368,504933,100877,110995,6016,231,17538,5416,23514,11591,167885,150054,937393,141967,152772,T,16-T-J1
587,16877,4331,6963,414,282,140,351,91,147,6581,7150,43218,10093,13443,1750,48,233,195,188,13852,15174,122472,27428,47667,6399,1682,100,65,556,1284,7688,10413,58387,13537,19385,1023,903,77,931,6525,3251,46045,49447,406221,88380,126190,122,62,175,287,2099,1813,16624,21990,148846,26822,32886,899,32,4900,1430,5261,414,37348,53637,266328,51203,56911,T,16-T-J9
4052,39834,7986,12482,927,411,194,90,121,71,6115,7503,63763,8564,14179,1109,400,427,149,209,21372,23255,185076,21837,46047,2996,2737,220,166,1187,2020,9651,9983,76404,14336,19948,451,1502,58,2253,5940,4982,72734,61040,631305,72304,141679,183,111,305,266,2464,841,16536,10105,91421,13179,19863,599,733,1544,1274,6449,1915,41316,25696,227011,25937,43334,NT,16-NT-J11
1599,7155,1562,3698,319,298,316,45,135,74,3630,4041,22064,5924,7686,483,143,130,257,26,6055,8350,52383,15483,22065,2303,1058,143,101,360,905,3394,3767,29739,6303,10149,549,498,216,70,2585,1302,22949,27578,212728,50687,58858,177,152,675,46,719,527,8302,13284,78746,15073,15500,934,244,3082,983,2120,987,19483,23036,132610,26577,24512,T,16-T-J11
15103,115171,23542,36121,1343,1264,468,93,61,99,36457,35047,328277,49149,56241,3222,469,198,309,442,126169,120912,938022,129074,287258,11070,9645,497,48,4483,3604,48451,40841,356158,76869,78111,5634,3175,115,3855,29459,17162,281990,284720,3300850,312801,649629,187,90,738,47,6091,2827,61538,69378,388030,68465,64200,3944,846,8370,4042,19273,7295,144331,120901,834911,79321,114351,NT,17-NT-J1
5813,32758,8422,11783,492,613,407,140,33,87,10724,15000,141648,24350,28886,2180,841,215,103,497,40468,60811,309698,55170,111278,6878,4065,34,96,5620,6340,19185,23049,128130,32947,37007,1961,1492,141,1596,9135,8554,96551,149113,932140,154474,232080,4010,154,578,282,3494,1757,32236,37154,197709,42460,39165,1303,506,6492,2742,6315,2294,56862,68529,343898,57543,51282,T,17-T-J1
2591,17538,4973,3500,626,458,428,125,61,75,7073,11124,64726,15154,17641,1066,229,224,52,306,21686,28812,155333,37205,52007,5697,1275,157,176,466,1042,9795,11003,66097,20181,19683,766,1341,125,549,5138,4357,47695,58758,412189,66163,96777,117,100,1408,279,2113,663,14099,22980,105445,19372,19899,821,406,2398,755,3737,1328,28005,33610,160973,29434,25994,T,17-T-J9
2818,26314,4369,6465,493,362,149,191,164,64,7648,8017,61830,10648,13512,365,286,62,118,148,19824,23747,183990,23298,68519,3767,1572,105,55,257,736,8587,7049,64367,14949,20082,958,609,87,1451,4611,2088,52188,55346,567719,71032,149471,1304,72,412,238,1201,952,12477,11342,87459,15547,18762,902,338,1449,804,1728,1429,30448,24400,187887,20304,32929,NT,17-NT-J11
2208,19870,4575,6450,640,597,409,118,176,52,6719,12430,74118,21059,19208,585,581,124,52,63,28186,36756,197129,42936,72662,3683,2217,138,130,1107,1625,13515,12779,92814,26242,24274,1213,1213,52,2338,5815,2542,58770,78636,604228,95672,151375,2041,211,475,247,1574,1236,17410,28182,135112,33974,22103,858,238,2049,745,3133,2257,39346,45818,247655,35283,40694,T,17-T-J11
6041,52785,7032,10259,782,360,291,88,89,111,8580,10779,75626,8398,8649,505,49,162,206,360,36384,33400,204428,19052,33678,1214,695,67,90,385,827,13820,8543,53475,7939,7694,223,1038,106,1018,8244,4325,81812,47664,369803,32293,43002,384,77,298,187,2018,993,8267,4492,30869,2503,2608,141,26,2082,706,3616,1380,14911,8538,38572,3511,2905,NT,18-NT-J1
11660,76511,16376,24316,1641,2187,677,86,62,77,23477,29383,218795,44206,43255,3673,386,161,189,128,72399,91386,655306,101938,199550,9882,4905,206,165,4359,8983,34575,37804,239871,60231,67162,4056,1668,221,2897,15538,11913,190518,216830,1880478,277658,397719,349,82,239,140,5895,2105,57420,69150,416304,61587,67684,3460,123,10061,3802,14330,7812,124717,120880,692794,99936,90484,T,18-T-J1
3407,25935,6291,8778,729,479,313,95,59,26,7547,10386,70811,12939,18152,1051,195,259,129,301,24117,34027,212678,39636,75479,2823,2315,135,108,2787,3785,9572,11149,93741,20155,24238,1425,645,124,1795,6359,4002,62582,74031,633959,99243,135614,365,38,330,93,2129,991,19760,21516,156271,23890,26784,593,31,6488,2429,3463,2889,45590,45275,263867,42234,41487,T,18-T-J9
12185,119402,18470,31851,1271,601,250,137,30,77,26162,26704,228941,29156,35139,2143,145,258,116,761,119771,99038,793866,95216,173087,5027,4663,150,134,881,7115,48905,36458,316251,43303,51663,1116,1958,74,4741,29323,15899,376426,286936,2904686,238504,374454,3112,158,2558,542,8644,3444,63739,58151,369960,40715,39774,735,89,17211,6954,24971,8408,185238,123958,767003,58116,81995,NT,18-NT-J11
4297,29764,7636,10480,1246,617,209,86,100,50,10327,12632,96207,14043,18278,943,312,216,129,230,29600,38104,246524,45901,72336,4667,2399,34,113,2992,4187,12430,13630,103781,24039,32257,1161,1213,135,3354,8205,4101,81339,95448,767110,127478,159799,3082,195,372,305,3408,1009,24621,36574,214391,33614,36006,726,367,3437,2587,6970,2897,50239,64652,353326,52713,48678,T,18-T-J11
2259,35409,4448,10783,506,440,181,217,105,90,4776,5355,45262,8002,9004,1061,495,368,155,163,17255,19001,148279,20219,43289,3506,601,99,173,1409,2733,8888,7730,61723,8455,14482,694,753,52,1678,6568,6869,62949,56992,560742,66276,131648,146,187,389,318,2029,390,12115,10188,97429,13291,14942,606,158,2331,1044,4081,1994,40767,35420,237469,29800,37475,NT,19-NT-J1
14045,103016,24675,35147,2361,1909,236,130,112,89,24465,29276,226808,45992,46208,3176,508,125,149,436,60259,94946,595953,97949,184369,7698,7752,67,23,2990,10827,42908,56224,284548,73616,85885,4810,3381,52,3735,25445,17172,243874,280485,2438677,394535,536415,332,77,849,2253,9732,5641,81739,106722,553631,95357,109194,5377,467,11109,6800,16485,10050,149984,161525,801566,129841,125228,T,19-T-J1
8219,50104,13762,17526,1048,1539,184,130,59,58,11111,18161,135656,28081,33846,1842,394,441,280,269,39110,60082,339640,65434,127992,6730,5809,67,128,5774,12494,24577,26865,200017,43805,56244,3896,1814,26,1003,17089,12570,151739,213958,1519692,259017,332133,1584,99,648,235,4666,3352,49944,64699,352881,65065,71433,663,356,8765,4321,14047,4237,96842,105278,572716,83861,94795,T,19-T-J9
4876,53378,8293,14253,682,441,165,149,144,52,4173,7690,68110,11986,13779,658,360,146,112,239,33925,23406,244498,27589,55951,1513,1113,121,71,821,3298,12465,8995,89494,12666,21963,544,564,77,2391,10094,7379,103292,76311,747495,90187,172281,977,220,204,261,2337,897,16652,13981,111852,12813,18966,659,63,4470,1903,8943,1426,53865,31496,259165,27995,41926,NT,19-NT-J11
4628,32406,7418,10570,483,401,620,145,91,110,7128,10745,71549,13538,21690,1112,196,247,99,62,23951,31519,199788,39289,70158,2930,1989,185,70,1801,4093,14196,18294,110053,32432,39505,2143,1292,110,792,10770,7801,89536,124859,957123,179885,242446,4055,74,376,462,2758,1041,33583,43245,254996,44875,47820,3520,56,4626,2123,8288,5525,62731,77934,424698,68495,73162,T,19-T-J11
17283,134329,19551,40119,1496,2056,384,130,388,195,20698,28027,206768,30578,42552,2120,516,571,77,5342,143700,98694,705257,90607,165370,8953,3044,135,106,4650,2992,53254,37219,286998,44733,60046,1478,1556,103,7505,35544,14822,326390,242905,2244268,256073,330231,1730,61,1195,2868,8147,1604,47424,39888,270211,27648,39569,1381,352,10137,5205,16841,4409,111108,71483,424929,41319,49277,NT,6-NT-J1
6275,51066,8719,15088,784,624,471,52,61,87,12850,14517,91879,15947,25703,1143,257,111,77,157,40595,40680,269215,45155,94380,6468,4325,231,138,1078,3533,12648,11612,89198,22004,27065,1281,1268,52,3062,8909,5692,77429,66008,575669,97315,151558,276,116,316,230,3127,1627,20554,17159,120838,22133,29548,1269,844,2836,2673,8187,3555,44423,37670,232865,38428,45660,T,6-T-J1
4121,31661,7132,12316,217,1077,410,138,30,26,9161,12831,68366,10792,17206,2317,224,344,180,669,30173,29200,184980,34278,58566,2179,2686,139,201,283,1918,11984,9696,59871,14784,22612,1113,695,77,2589,7698,2455,51441,52157,385094,73248,97432,2881,48,421,465,2625,1474,15551,16949,98167,15122,22290,719,185,6250,2361,6239,1995,33227,29414,179258,29028,32823,T,6-T-J9
10512,102749,16799,28009,1828,1887,604,92,141,52,21151,21371,161915,22309,34663,1254,339,211,113,1556,91692,63754,513069,65508,122940,3772,3307,168,119,1343,4896,35903,27586,202923,33305,45881,2101,1149,104,6536,25315,13459,235702,174527,1588607,184459,262219,133,64,439,810,4107,3028,35530,33177,201657,21080,29457,940,149,4886,3004,12887,6497,98947,63945,354718,37298,45744,NT,6-NT-J11
2988,25995,6132,9127,494,527,370,45,96,52,8194,11629,62550,12649,17586,1355,143,154,52,833,21370,24148,165780,30437,58624,2308,3644,133,142,2952,7791,9187,9447,58817,14290,20237,1477,534,100,500,6169,5353,44031,51791,429834,77059,102184,100,39,557,264,2330,711,13839,20524,111968,19868,26301,1422,63,2254,2366,6037,2182,35452,39210,226328,38920,42286,T,6-T-J11
10685,99960,16055,24580,1585,1074,184,189,199,72,27347,27472,186494,28454,33456,1184,236,131,207,1561,79435,74778,532952,64454,101946,3351,3050,98,21,2588,2035,40191,36778,263579,35362,37591,902,1383,141,2129,26527,8619,285584,243522,1799881,188670,240385,2947,86,512,333,5935,3348,55186,47983,270693,26824,31394,728,236,6794,4070,22213,8646,117689,77845,447774,43566,49840,NT,1-NT-J11
15854,83904,22338,26451,1811,1585,953,190,92,77,30755,45032,285190,62329,66740,4732,391,196,169,415,71484,106906,619933,125792,178051,10427,7599,117,264,6560,8883,33904,41229,241040,57090,66309,3327,3066,52,566,11510,11750,161713,209297,1389929,247911,267433,176,98,321,510,6308,3793,53898,80369,399673,72989,55236,2917,338,8735,4576,11027,7152,104071,110628,533413,75905,62071,T,1-T-J11
15877,186707,30526,56607,2862,2309,226,142,155,51,31113,32524,323167,45033,57620,3731,153,214,124,1444,134166,110036,1109983,115723,246274,6091,7163,115,47,3016,2470,44624,33936,305092,35451,63699,2256,2414,103,2681,32896,12419,313609,255993,2581886,279179,460318,4945,25,476,529,5590,2858,43787,35981,262692,26498,45386,1340,438,9855,3530,16285,6218,116874,71150,501702,51874,71132,NT,3-NT-J1
11626,60499,5679,6876,2300,200,180,138,443,26,24850,19035,73770,8158,7105,904,199,218,361,1373,80361,48765,210372,29172,20787,1869,318,689,194,4334,1492,32093,15808,74194,11072,10086,248,452,77,4467,29106,8118,98928,70911,423423,38688,46921,181,167,2692,580,3031,2392,10459,9964,47093,4262,5632,145,146,7157,1805,2624,1455,19044,10714,53626,6069,6475,NT,20-NT-J1
118812,711863,180176,193911,9569,6983,91,257,54,99,235413,354736,2065183,388068,368757,15616,147,368,263,2298,614680,898339,5790026,881728,1463294,65419,47356,1742,23,20012,24970,390243,525801,2966135,609394,644342,43440,18808,705,36500,140840,150343,2269205,2555091,16338210,2525310,2913970,70,235,1816,930,53302,41154,522015,663912,3446199,502429,376932,19068,235,48581,27953,115074,56471,772610,924460,3570405,483344,402437,T,20-T-J1
18754,79713,12878,11305,607,241,41,44,191,77,35329,41840,167774,23768,18035,1118,55,257,52,632,71215,71108,274730,38928,37266,1146,1086,141,21,377,1283,25313,21634,86265,13781,11033,370,443,52,5813,7454,3213,37639,37000,169160,21391,17903,181,223,201,358,1192,702,2943,4218,15100,1342,1801,85,60,1551,422,1278,251,2589,1973,6074,1157,1149,T,20-T-J9
17641,173664,22528,39897,1330,2680,143,88,132,99,32919,41748,276665,42974,51769,2627,357,156,174,681,147096,114099,1062719,129336,231814,9285,5322,126,88,4459,8299,81107,65415,533507,86861,105790,3945,3040,52,10388,49776,39773,605205,480808,5097608,499915,722140,230,115,1476,712,13007,5329,114138,105057,682859,76907,88809,1844,90,16210,8848,35546,17226,280946,207929,1351123,128686,166857,NT,20-NT-J11
55630,314701,76240,85504,4526,281,91,178,110,87,99576,154655,898452,179224,187464,7928,774,312,309,704,281900,377902,2248346,428981,613120,34521,24072,195,285,17046,19227,164190,213715,1390014,276386,298720,18961,9365,181,5087,66851,41554,937386,1137982,7266546,1255653,1423557,209,74,491,1992,26721,19865,288471,364056,1825808,275447,306640,14397,557,26174,17043,55105,28308,466287,563740,2678486,418426,365182,T,20-T-J11
6723,94716,22391,55032,2897,100,91,272,93,77,5685,12530,85684,19917,38076,2056,381,96,71,361,32232,37852,423331,81786,201241,12150,10539,135,45,837,6885,13461,14540,151578,34663,65762,3938,4333,129,1357,12378,7695,96083,85616,1150790,202741,461678,164,39,320,304,1272,729,9261,8653,85069,14426,34047,739,300,3825,2181,3567,1479,24260,18320,179482,32496,64493,NT,21-NT-J1
11624,97139,41663,61820,4871,3079,120,43,151,115,11198,27846,182901,68947,65903,3503,213,192,174,453,31522,60074,477980,126347,224504,20324,13198,136,152,9465,9631,17497,32752,254695,93174,139068,13523,6494,154,1337,8320,10633,85080,143071,1311378,397523,608760,242,61,806,46,2480,1556,16354,33980,255958,71392,94811,3809,634,2547,2898,6165,2209,31269,51494,347865,88329,109013,T,21-T-J1
11257,77207,31185,48635,4619,300,91,294,60,50,10639,26902,163489,57842,64649,6099,283,348,26,477,34046,60446,434433,126480,218595,21840,15105,547,48,10137,16181,19153,26528,219908,83979,132820,10433,7727,52,5731,9306,10427,80314,121697,1028402,340141,488517,161,180,221,351,1607,2156,21281,30141,213748,64230,91452,6964,1354,3926,3068,5271,1625,31019,45317,310063,80616,102104,T,21-T-J9
3148,36517,10767,20708,565,102,151,130,89,103,673,4327,38270,8265,19683,1605,48,280,161,490,17499,18078,214034,44234,105249,4381,6968,165,22,411,3505,8031,7721,84586,18522,48477,1758,2535,156,1152,3570,5209,49146,48621,584969,114740,278613,68,187,148,284,1395,500,4192,6843,54605,10796,22751,752,63,2204,1281,2057,392,10004,10592,111157,20494,42538,NT,21-NT-J11
7420,53230,21279,35332,4716,1768,160,221,103,50,7446,17660,110229,34676,49889,2235,554,319,181,307,19039,39607,276397,87589,136889,13356,8211,34,99,10553,14399,13527,24457,168208,69985,94052,8413,5288,108,3621,3614,5564,54632,93896,797813,272026,418033,46,147,562,333,2742,1672,15358,21349,177347,57239,69151,5674,209,1227,51,3068,2228,22712,37711,245211,72267,83750,T,21-T-J11
47990,412550,67669,95306,4117,100,269,89,158,77,98024,119449,711648,106983,122882,3385,48,62,171,2551,321612,289925,2086975,255559,358964,19009,10516,457,143,8757,7522,135736,130757,883777,127801,134951,5972,3431,77,1844,63924,33984,959645,830667,6779198,603188,733636,7829,151,1404,281,16734,8253,168898,168529,877788,88731,98718,3752,1043,20598,11945,46298,23729,397082,274197,1571264,152138,160137,NT,22-NT-J1
60432,341367,81170,86959,2715,3475,135,91,104,99,97976,154308,784299,146901,118128,5103,154,217,197,237,206243,271709,1670206,290693,363465,18950,13085,199,21,7956,10228,105685,157821,826872,163692,174932,11220,5378,151,3835,36528,40483,577263,733270,4583607,777644,801275,249,75,717,190,18169,13473,191508,248435,1346231,203515,180848,5522,126,25038,14630,44355,23370,322301,431757,1914713,295681,237004,T,22-T-J1
18129,90032,21595,23205,1209,98,139,140,30,50,26741,46183,209470,41806,39539,2013,402,337,222,92,60936,79853,474191,91199,108182,5761,4026,134,123,1215,4830,33679,46765,242323,45001,55577,3465,2027,74,480,10592,9266,163023,215657,1372905,221345,246241,206,175,485,580,5416,3961,59427,84172,400290,67650,63829,2267,94,7931,3642,10886,6832,117107,137985,655620,93174,79365,T,22-T-J9
25434,165962,26005,30176,1421,49,136,53,206,103,41346,44214,281934,33567,27906,1656,116,221,129,705,141765,118094,712194,79626,84151,3327,1535,67,116,3457,5197,70250,54834,280707,33970,25832,1213,438,103,5320,40601,24378,398078,263362,1550358,121084,107804,70,115,728,471,6748,3318,49099,34803,130808,9575,8220,67,95,8955,4424,14179,4507,55070,26869,89574,8103,4221,NT,22-NT-J11
19949,119812,28774,32460,2135,298,350,227,134,77,32487,60922,281373,58814,56923,3276,196,32,213,153,75368,106146,626724,114446,139590,9439,4634,197,136,916,4700,38888,54496,316197,66433,69926,3923,1404,26,1782,17713,13736,217282,281295,1750804,340198,357114,82,49,192,191,7629,5829,74362,104844,610950,98126,85497,4651,179,11235,5996,16888,9631,174122,200000,937772,144345,121827,T,22-T-J11
19781,190915,32070,55470,2402,2646,192,213,118,129,38552,38351,336344,50129,78848,3560,561,190,165,295,159167,136341,1284482,166095,340794,8755,10490,218,156,5375,5867,53819,53214,406752,66817,91195,3483,2577,52,4558,36978,19343,460249,373929,4233170,405719,697489,107,197,1611,47,9540,5002,88377,78778,585287,64939,85357,1434,351,12279,7231,36532,12895,294438,197252,1433275,137718,187958,NT,23-NT-J1
17073,98923,22011,33010,3374,1220,184,77,206,82,28250,32881,229860,38782,47980,2417,285,288,191,515,75088,93543,670907,109037,191943,9185,7072,67,132,485,800,27470,31774,219274,41486,57284,1896,1007,114,2813,14349,12959,189587,195097,1634063,246547,326332,93,124,1265,625,5013,3438,53014,53069,341578,49930,54457,2192,126,7134,4684,13393,6962,99145,113087,547946,63214,65045,T,23-T-J1
7373,77203,12589,23265,701,477,227,149,187,152,14776,18300,126158,19184,29452,428,197,62,231,372,62414,41356,452978,49427,110326,3295,2911,104,155,523,1725,19264,15430,146781,21815,30737,1396,837,76,4227,7263,8997,161224,119701,1280246,136497,245350,23,116,806,262,1796,900,25167,23318,161206,17715,26323,441,601,5388,2715,11134,3772,80371,48191,426275,40257,66812,NT,23-NT-J11
3067,16490,4029,6257,329,98,363,281,114,77,6712,8524,51304,9685,13746,1023,301,66,284,449,16983,16436,139807,26301,43136,1805,2207,168,53,726,798,5084,7008,39294,8033,12986,754,376,60,511,3131,1584,36656,43172,317434,56538,75966,108,122,341,192,844,509,12228,15829,93480,14906,15794,471,238,3634,530,4846,1118,30721,33423,188672,26703,30888,T,23-T-J11
13286,125366,15015,25214,830,1009,91,44,157,74,21794,19773,153048,17450,19794,840,314,298,148,141,72781,55750,418839,42845,63059,4351,1607,34,101,1276,1536,35099,24777,186590,23808,31665,337,786,74,982,18531,10407,218571,156158,1325402,122244,194419,154,130,285,260,4247,1966,33154,23613,165209,17272,21767,443,63,4744,2640,7288,3932,62547,46648,262762,28540,35101,NT,24-NT-J1
15061,84296,25030,26770,1096,782,277,95,59,77,28449,39916,204652,38302,36196,1194,140,224,155,52,64253,83171,434535,99056,123605,5181,1795,67,21,5058,6738,36981,48914,273957,56300,56595,2371,1228,52,2769,16683,10745,196668,261096,1537178,274172,307400,104,149,292,741,7655,4662,78581,91699,503927,74302,62702,2057,354,13146,7643,19788,12024,125435,177493,675944,105985,82076,T,24-T-J1
14678,74581,17599,22662,1769,98,230,43,148,180,19697,35149,162452,35290,42599,2091,1086,458,225,341,50870,71337,394426,83143,112054,9934,4024,197,216,4089,9266,29132,32816,200563,46447,55051,3207,1017,26,6086,18395,12259,161296,198387,1224647,223349,270430,160,110,246,92,7857,3768,62553,81579,414561,73522,73327,3504,344,13999,4656,14563,10410,124088,152490,698922,127367,113543,T,24-T-J9
23645,227655,27820,47705,2499,1020,91,128,105,137,38152,44164,277239,40295,44554,789,211,408,212,666,127938,104966,834097,83454,133384,6522,3462,170,78,3252,1432,78007,58965,413003,49551,61567,2323,853,103,1187,40501,19871,496891,364408,3068428,266792,372411,131,125,518,329,8368,2294,74740,62089,356830,35492,43665,993,63,9701,4474,19414,8743,171465,93614,583857,56045,70585,NT,24-NT-J11
9103,44727,11380,12134,834,49,115,99,108,26,12680,26049,100928,20569,24012,1456,445,285,297,303,31079,44274,238786,49927,60265,7025,3585,192,187,623,5679,17688,23143,122096,29876,30483,1347,474,118,5332,9433,8681,102400,126595,765729,153160,163936,137,73,837,46,5457,1028,39501,61272,280340,48903,46245,1695,62,6019,3481,12558,4802,94574,107248,432258,78124,61447,T,24-T-J11
36356,374805,59368,97562,4351,200,234,352,31,120,78235,93181,589082,97616,130147,5722,291,515,178,3015,299668,245754,2010158,283777,425171,17892,13292,380,135,5880,8451,118049,102610,772438,120587,149030,6271,1962,88,10084,70493,45409,816376,718075,6436007,683520,948883,10605,0,838,283,14910,5547,139350,128923,887563,111639,114020,144,441,18922,10548,47186,14320,384624,261764,1801174,155882,2786,NT,25-NT-J1
17926,110466,26508,37185,2625,397,91,45,81,103,37230,57845,327081,68360,73778,5067,387,254,103,232,92383,108754,723191,153910,208390,10472,9809,164,22,2564,10385,30064,40711,244349,60602,72142,4937,2216,232,2384,15358,13356,182099,222298,1487527,298194,341502,346,26,469,142,6643,4614,61215,85526,472956,84619,84541,3902,545,11358,5192,16272,8569,139897,168915,838949,137496,127955,T,25-T-J9
12681,107286,18344,25504,765,155,205,170,61,77,23283,28482,184134,27640,32691,1121,489,188,99,180,78504,65771,579423,66230,110538,5064,3726,104,24,575,3290,28537,22893,181392,27541,35445,1071,1046,77,2539,16040,13071,174329,149194,1340253,143297,212428,70,150,250,330,3722,607,34148,36069,186389,27151,32274,1211,211,6504,2188,9213,5136,80464,58011,418460,45817,58087,NT,25-NT-J11
10460,71411,17328,24647,2115,1260,231,352,30,103,20897,37309,207879,49475,50598,1302,342,62,226,3225,56777,78424,457300,97544,133648,10155,5310,168,117,1481,6172,19946,29516,163436,36452,46745,2212,1324,97,725,9018,6772,112567,142863,938058,178990,213418,116,73,312,145,4214,3015,41721,53740,292845,51709,53354,1446,157,8497,3078,7843,5396,82376,98781,474240,81875,72442,T,25-T-J11
24700,179980,34060,47507,2539,200,233,89,236,116,38589,51650,323875,59641,72705,2988,143,127,243,886,143115,138463,1061779,144230,216221,9551,5439,226,180,3774,7693,66063,62665,471881,69466,95552,4990,1688,26,6880,36260,20150,480594,437191,3929037,405357,513389,315,90,1470,231,8163,4688,80233,90647,500600,62733,68994,2356,92,9560,6261,25667,10695,207726,161185,884998,99515,114386,NT,26-NT-J1
26362,169483,39323,51071,1574,464,136,139,69,50,43522,78955,423154,92573,87696,3244,282,62,229,533,131022,170193,1141976,200173,278033,14678,11887,67,48,10107,14451,63619,91100,551613,117934,116440,7771,3762,51,6768,30712,18259,462243,536404,3701106,649831,696670,163,128,458,800,10088,9637,138760,167861,1035648,150862,150857,7049,126,18359,9399,28859,14206,260018,356007,1504872,232784,207348,T,26-T-J1
15883,93708,20546,29690,1668,152,279,45,58,26,31484,46771,256177,47486,59290,3504,1683,390,26,149,80097,119579,763086,144887,193791,12220,6872,193,71,4053,11622,44156,54536,385494,74266,102865,7438,3940,94,2056,21737,21131,311373,356291,2597871,449924,551650,9823,152,524,522,6086,5681,96608,120153,698846,120910,118057,2791,236,14767,6283,23017,8474,206815,229894,1249542,179503,186768,T,26-T-J9
20459,195571,30728,53054,1918,200,353,97,174,121,37460,42107,309017,54316,65845,2427,253,232,144,1491,137368,131571,1052040,149835,229859,9791,5072,202,138,1731,2316,60368,64663,472119,72054,89581,3609,1710,77,7303,36525,25622,465992,444571,3920783,427275,559829,94,152,272,146,8222,4598,79022,75019,487398,52416,62612,1969,222,11110,3994,24429,9882,192260,149770,860928,96069,110209,NT,26-NT-J11
12132,84283,19696,23403,857,395,167,99,58,52,23271,43034,217159,48160,53354,2897,326,96,129,330,67143,86586,618060,110078,156941,11732,4487,178,48,3826,4687,36095,53916,312180,74094,83070,6010,1302,104,1352,18457,11313,233711,321762,2092907,403046,469362,265,117,103,142,6861,5781,76449,118830,608424,102196,104028,4189,1927,10608,4693,16453,12328,161824,183842,998994,159266,141399,T,26-T-J11
16729,193103,28056,51832,746,528,45,170,140,26,38040,45755,332063,47436,71964,2317,536,194,144,126,146394,120477,1042292,124240,225925,7712,6160,65,165,740,1935,58112,50324,375095,61729,77899,3283,1847,195,5940,32882,15778,386756,297125,2915243,304158,471018,49,144,1318,238,6739,3522,57997,51774,338615,34879,49180,715,163,10879,5297,18705,5398,132190,95065,578890,62977,85573,NT,27-NT-J1
18540,129683,27949,46095,2112,149,181,173,121,103,41578,58089,345850,75840,103669,4616,242,65,155,597,106857,135991,1000743,173389,326785,22296,13793,135,94,1516,10821,49747,56352,409073,92550,124134,7419,3864,146,3202,30187,26533,301646,326574,2748367,470192,651598,162,62,818,46,9076,4413,77044,91474,643045,94035,119203,5731,218,18513,7195,21615,9005,160879,177508,984438,155225,165402,T,27-T-J1
14549,104894,24457,39772,2083,299,233,83,189,87,34026,57048,308244,66291,88824,5136,957,253,174,614,95979,124957,869176,162533,270150,20509,13756,246,202,2751,7251,50263,48029,322666,81977,119584,6736,4771,124,3002,28497,18207,274690,275033,2327992,398808,607300,216,171,618,547,8877,5605,72933,93621,591227,100090,122952,4014,63,14040,6913,22142,10410,149049,171809,999865,169605,188017,T,27-T-J9
18213,180755,26642,49251,1491,206,91,43,73,52,41750,43794,322463,46389,65759,2661,202,220,271,570,150248,118564,1045469,122961,207408,6960,5771,101,166,1192,3889,60558,48563,380095,55548,66646,2256,2701,154,4826,37019,25708,380123,287573,2763158,277365,455489,4419,154,720,676,7020,4519,63192,46592,319615,37739,51299,1034,265,6711,5012,22015,6824,137223,95317,630769,70472,94980,NT,27-NT-J11
7188,53631,10850,17587,1050,98,182,181,89,52,15981,24702,135031,28963,37950,3070,241,207,157,125,46458,50904,378547,79319,126679,11320,6853,168,205,1250,3565,19799,28522,158256,37166,52587,2717,2621,77,3582,12612,10688,128567,138287,1043703,200039,293703,189,28,1897,386,4066,1934,37281,45254,282051,46322,61282,3157,31,6313,3976,10094,4384,70367,79717,432670,71737,80520,T,27-T-J11
12500,77723,12716,15573,280,601,248,224,148,26,21887,23395,134432,20464,19647,568,340,223,99,354,59984,53872,332297,38448,56422,2499,1317,67,117,940,1305,22810,21218,130159,21006,23633,778,657,75,761,7713,10059,159767,143065,1063886,123875,158937,23,129,353,244,4365,1370,38203,33475,201277,25699,23437,889,31,3300,1293,12756,6142,92677,84620,442855,51293,47965,NT,28-NT-J1
24876,134632,30434,34949,1724,1826,91,138,61,52,50079,69557,373178,73769,73903,3874,53,233,178,1116,121152,138187,822392,151443,201879,11760,8793,218,134,6555,7642,45572,54140,293598,61377,62511,5106,1371,52,3737,25194,15658,287619,330773,1985389,334834,347160,170,135,627,92,10015,7592,98077,121745,598899,88678,79014,2723,53,15374,5754,22997,13420,197353,199264,923503,125048,112685,T,28-T-J1
8654,48279,9206,12981,1044,877,45,86,61,119,22472,31630,137711,26522,30517,1503,537,62,115,563,60211,65439,365694,65474,75448,4673,3478,67,159,2075,1479,24155,30424,130670,25368,28332,1592,1615,26,1465,14685,13428,149782,151774,911237,149849,161656,149,124,809,184,6244,1922,51644,60819,301466,48688,40091,1336,94,6937,3841,13667,7142,119682,132567,538112,73957,60369,T,28-T-J9
17929,107027,13898,17635,590,213,45,187,59,60,30268,30056,169729,26809,28768,1087,645,165,225,160,73531,70940,450256,60878,70293,4631,2515,153,155,2020,1491,35896,32618,182284,31051,29390,1133,655,135,464,19238,14615,253021,219267,1506183,178032,206125,24,177,834,92,6060,5239,54920,54965,325218,35744,36249,762,63,6594,3725,19876,7746,155562,127513,670288,70175,69216,NT,28-NT-J11
15399,80785,16628,17391,1869,800,201,180,121,56,31777,46589,190177,36018,39575,1584,139,182,185,374,78263,91323,466858,89850,94513,6569,4152,232,133,2396,6491,32286,37196,165143,36316,35410,2780,1226,103,804,18205,14659,201402,218258,1277655,205815,206594,117,38,686,266,7962,4358,80251,90315,398641,64430,51389,966,813,12332,5698,19122,11914,164859,180214,728461,107459,83746,T,28-T-J11
28078,210123,40239,62465,3257,389,301,159,94,26,74560,101048,555022,105347,153435,7216,299,369,155,870,266312,253142,2121041,336686,610422,31494,23363,101,48,6738,4156,73700,84321,547172,106331,151366,8759,5683,110,9945,47611,40934,467345,464580,3823751,547082,777292,160,98,585,1294,15869,6594,115059,133067,763870,111332,118849,6637,846,25730,10111,36261,16106,262820,232300,1383083,162953,186972,T,23-T-J9
92360,555767,121689,183786,10011,10211,93,134,148,77,182726,270572,1504553,344713,385188,20542,358,62,248,397,403405,526238,3686560,679540,977386,49779,34667,1177,173,15624,9155,152257,211278,1162492,264524,299121,18749,9800,215,14526,63062,49193,783088,936493,6114242,1187963,1287922,116,88,1369,671,25015,15093,263043,275671,1751822,275199,268787,12988,208,25527,16930,51691,27502,394401,484152,2607511,363630,291053,T,25-T-J1
6538,74576,13767,23722,103,1332,365,141,93,124,13979,13451,112558,18188,28996,125,101,159,129,1204,42554,37958,371850,54954,98907,5397,2555,101,145,254,3961,22176,16702,156697,24154,37298,2673,513,103,623,14114,9957,160302,129725,1299244,149366,253150,116,72,736,493,2285,1095,26389,22790,176577,22569,27330,70,539,4550,2916,11091,4047,66165,52842,366707,37075,210,NT,16-NT-J1
11180,74291,13685,15057,729,163,160,44,59,107,26959,37170,189715,33814,30943,369,929,353,232,85,78768,86108,514584,85317,91776,4586,3255,191,124,4282,4669,45648,48029,248699,43122,48957,2607,2011,110,1400,16497,12599,231510,251273,1703839,257921,240486,1881,156,818,191,7243,4172,66018,85698,449427,57115,50548,2472,403,6697,6376,15063,9803,156014,154993,694031,92269,69756,T,5-T-J9
27849,254609,30443,52339,2031,1455,184,90,91,124,65170,70578,469826,56039,69215,886,519,242,180,303,292021,208313,1666072,157811,262324,7419,3296,67,71,415,1103,109996,90320,636895,82676,91774,3060,1074,116,9512,72540,36621,830771,591639,5462120,427875,527103,142,5739,1203,1095,11847,5896,122963,99395,597638,50595,56748,1660,255,15057,10162,44514,13466,309260,187455,1055489,89403,86838,NT,5-NT-J11
21030,129989,24797,25994,753,473,125,218,131,103,43883,69478,313624,49937,44241,2569,1246,242,327,268,157007,157191,879422,119015,142428,7130,3214,163,86,545,40,72100,76179,380053,57252,58154,2694,841,26,4143,30319,19627,372059,373750,2004168,275544,240303,215,1078,777,1928,8336,5983,78723,56390,382838,40838,29010,752,182,9836,7343,18122,6716,96839,95572,355933,40632,31939,T,5-T-J1
