date,time,phase,phaseid,datetime,timestamp,friendlydate
01/04/2009,12:56 PM,First Quarter,2,2009-01-04 12:56:00,1231070160,"January 4, 2009"
01/11/2009,04:27 AM,Full Moon,3,2009-01-11 04:27:00,1231644420,"January 11, 2009"
01/18/2009,03:46 AM,Last Quarter,4,2009-01-18 03:46:00,1232246760,"January 18, 2009"
01/26/2009,08:55 AM,New Moon,1,2009-01-26 08:55:00,1232956500,"January 26, 2009"
02/03/2009,12:13 AM,First Quarter,2,2009-02-03 00:13:00,1233616380,"February 3, 2009"
02/09/2009,03:49 PM,Full Moon,3,2009-02-09 15:49:00,1234190940,"February 9, 2009"
02/16/2009,10:37 PM,Last Quarter,4,2009-02-16 22:37:00,1234820220,"February 16, 2009"
02/25/2009,02:35 AM,New Moon,1,2009-02-25 02:35:00,1235525700,"February 25, 2009"
03/04/2009,08:46 AM,First Quarter,2,2009-03-04 08:46:00,1236152760,"March 4, 2009"
03/11/2009,03:38 AM,Full Moon,3,2009-03-11 03:38:00,1236739080,"March 11, 2009"
03/18/2009,06:47 PM,Last Quarter,4,2009-03-18 18:47:00,1237398420,"March 18, 2009"
03/26/2009,05:06 PM,New Moon,1,2009-03-26 17:06:00,1238083560,"March 26, 2009"
04/02/2009,04:34 PM,First Quarter,2,2009-04-02 16:34:00,1238682840,"April 2, 2009"
04/09/2009,04:56 PM,Full Moon,3,2009-04-09 16:56:00,1239288960,"April 9, 2009"
04/17/2009,03:36 PM,Last Quarter,4,2009-04-17 15:36:00,1239975360,"April 17, 2009"
04/25/2009,05:23 AM,New Moon,1,2009-04-25 05:23:00,1240629780,"April 25, 2009"
05/01/2009,10:44 PM,First Quarter,2,2009-05-01 22:44:00,1241210640,"May 1, 2009"
05/09/2009,06:01 AM,Full Moon,3,2009-05-09 06:01:00,1241841660,"May 9, 2009"
05/17/2009,09:26 AM,Last Quarter,4,2009-05-17 09:26:00,1242545160,"May 17, 2009"
05/24/2009,02:11 PM,New Moon,1,2009-05-24 14:11:00,1243167060,"May 24, 2009"
05/31/2009,05:22 AM,First Quarter,2,2009-05-31 05:22:00,1243740120,"May 31, 2009"
06/07/2009,08:12 PM,Full Moon,3,2009-06-07 20:12:00,1244398320,"June 7, 2009"
06/16/2009,12:15 AM,Last Quarter,4,2009-06-16 00:15:00,1245104100,"June 16, 2009"
06/22/2009,09:35 PM,New Moon,1,2009-06-22 21:35:00,1245699300,"June 22, 2009"
06/29/2009,01:28 PM,First Quarter,2,2009-06-29 13:28:00,1246274880,"June 29, 2009"
07/07/2009,11:21 AM,Full Moon,3,2009-07-07 11:21:00,1246958460,"July 7, 2009"
07/15/2009,11:53 AM,Last Quarter,4,2009-07-15 11:53:00,1247651580,"July 15, 2009"
07/22/2009,04:35 AM,New Moon,1,2009-07-22 04:35:00,1248230100,"July 22, 2009"
07/29/2009,12:00 AM,First Quarter,2,2009-07-29 00:00:00,1248818400,"July 29, 2009"
08/06/2009,02:55 AM,Full Moon,3,2009-08-06 02:55:00,1249520100,"August 6, 2009"
08/13/2009,08:55 PM,Last Quarter,4,2009-08-13 20:55:00,1250189700,"August 13, 2009"
08/20/2009,12:02 PM,New Moon,1,2009-08-20 12:02:00,1250762520,"August 20, 2009"
08/27/2009,01:42 PM,First Quarter,2,2009-08-27 13:42:00,1251373320,"August 27, 2009"
09/04/2009,06:03 PM,Full Moon,3,2009-09-04 18:03:00,1252080180,"September 4, 2009"
09/12/2009,04:16 AM,Last Quarter,4,2009-09-12 04:16:00,1252721760,"September 12, 2009"
09/18/2009,08:44 PM,New Moon,1,2009-09-18 20:44:00,1253299440,"September 18, 2009"
09/26/2009,06:50 AM,First Quarter,2,2009-09-26 06:50:00,1253940600,"September 26, 2009"
10/04/2009,08:10 AM,Full Moon,3,2009-10-04 08:10:00,1254636600,"October 4, 2009"
10/11/2009,10:56 AM,Last Quarter,4,2009-10-11 10:56:00,1255251360,"October 11, 2009"
10/18/2009,07:33 AM,New Moon,1,2009-10-18 07:33:00,1255843980,"October 18, 2009"
10/26/2009,01:42 AM,First Quarter,2,2009-10-26 01:42:00,1256517720,"October 26, 2009"
11/02/2009,08:14 PM,Full Moon,3,2009-11-02 20:14:00,1257189240,"November 2, 2009"
11/09/2009,04:56 PM,Last Quarter,4,2009-11-09 16:56:00,1257782160,"November 9, 2009"
11/16/2009,08:14 PM,New Moon,1,2009-11-16 20:14:00,1258398840,"November 16, 2009"
11/24/2009,10:39 PM,First Quarter,2,2009-11-24 22:39:00,1259098740,"November 24, 2009"
12/02/2009,08:30 AM,Full Moon,3,2009-12-02 08:30:00,1259739000,"December 2, 2009"
12/09/2009,01:13 AM,Last Quarter,4,2009-12-09 01:13:00,1260317580,"December 9, 2009"
12/16/2009,01:02 PM,New Moon,1,2009-12-16 13:02:00,1260964920,"December 16, 2009"
12/24/2009,06:36 PM,First Quarter,2,2009-12-24 18:36:00,1261676160,"December 24, 2009"
12/31/2009,08:13 PM,Full Moon,3,2009-12-31 20:13:00,1262286780,"December 31, 2009"
01/07/2010,11:39 AM,Last Quarter,4,2010-01-07 11:39:00,1262860740,"January 7, 2010"
01/15/2010,08:11 AM,New Moon,1,2010-01-15 08:11:00,1263539460,"January 15, 2010"
01/23/2010,11:53 AM,First Quarter,2,2010-01-23 11:53:00,1264243980,"January 23, 2010"
01/30/2010,07:18 AM,Full Moon,3,2010-01-30 07:18:00,1264832280,"January 30, 2010"
02/06/2010,12:48 AM,Last Quarter,4,2010-02-06 00:48:00,1265413680,"February 6, 2010"
02/14/2010,03:51 AM,New Moon,1,2010-02-14 03:51:00,1266115860,"February 14, 2010"
02/22/2010,01:42 AM,First Quarter,2,2010-02-22 01:42:00,1266799320,"February 22, 2010"
02/28/2010,05:38 PM,Full Moon,3,2010-02-28 17:38:00,1267375080,"February 28, 2010"
03/07/2010,04:42 PM,Last Quarter,4,2010-03-07 16:42:00,1267976520,"March 7, 2010"
03/15/2010,10:01 PM,New Moon,1,2010-03-15 22:01:00,1268686860,"March 15, 2010"
03/23/2010,12:00 PM,First Quarter,2,2010-03-23 12:00:00,1269342000,"March 23, 2010"
03/30/2010,04:25 AM,Full Moon,3,2010-03-30 04:25:00,1269915900,"March 30, 2010"
04/06/2010,11:37 AM,Last Quarter,4,2010-04-06 11:37:00,1270546620,"April 6, 2010"
04/14/2010,02:29 PM,New Moon,1,2010-04-14 14:29:00,1271248140,"April 14, 2010"
04/21/2010,08:20 PM,First Quarter,2,2010-04-21 20:20:00,1271874000,"April 21, 2010"
04/28/2010,02:18 PM,Full Moon,3,2010-04-28 14:18:00,1272457080,"April 28, 2010"
05/06/2010,06:15 AM,Last Quarter,4,2010-05-06 06:15:00,1273119300,"May 6, 2010"
05/14/2010,03:04 AM,New Moon,1,2010-05-14 03:04:00,1273799040,"May 14, 2010"
05/21/2010,01:43 AM,First Quarter,2,2010-05-21 01:43:00,1274398980,"May 21, 2010"
05/28/2010,01:07 AM,Full Moon,3,2010-05-28 01:07:00,1275001620,"May 28, 2010"
06/05/2010,12:13 AM,Last Quarter,4,2010-06-05 00:13:00,1275689580,"June 5, 2010"
06/12/2010,01:15 PM,New Moon,1,2010-06-12 13:15:00,1276341300,"June 12, 2010"
06/19/2010,06:29 AM,First Quarter,2,2010-06-19 06:29:00,1276921740,"June 19, 2010"
06/26/2010,01:30 PM,Full Moon,3,2010-06-26 13:30:00,1277551800,"June 26, 2010"
07/04/2010,04:35 PM,Last Quarter,4,2010-07-04 16:35:00,1278254100,"July 4, 2010"
07/11/2010,09:40 PM,New Moon,1,2010-07-11 21:40:00,1278877200,"July 11, 2010"
07/18/2010,12:11 PM,First Quarter,2,2010-07-18 12:11:00,1279447860,"July 18, 2010"
07/26/2010,03:37 AM,Full Moon,3,2010-07-26 03:37:00,1280108220,"July 26, 2010"
08/03/2010,06:59 AM,Last Quarter,4,2010-08-03 06:59:00,1280811540,"August 3, 2010"
08/10/2010,05:08 AM,New Moon,1,2010-08-10 05:08:00,1281409680,"August 10, 2010"
08/16/2010,08:14 PM,First Quarter,2,2010-08-16 20:14:00,1281982440,"August 16, 2010"
08/24/2010,07:05 PM,Full Moon,3,2010-08-24 19:05:00,1282669500,"August 24, 2010"
09/01/2010,07:22 PM,Last Quarter,4,2010-09-01 19:22:00,1283361720,"September 1, 2010"
09/08/2010,12:30 PM,New Moon,1,2010-09-08 12:30:00,1283941800,"September 8, 2010"
09/15/2010,07:50 AM,First Quarter,2,2010-09-15 07:50:00,1284529800,"September 15, 2010"
09/23/2010,11:17 AM,Full Moon,3,2010-09-23 11:17:00,1285233420,"September 23, 2010"
10/01/2010,05:52 AM,Last Quarter,4,2010-10-01 05:52:00,1285905120,"October 1, 2010"
10/07/2010,08:44 PM,New Moon,1,2010-10-07 20:44:00,1286477040,"October 7, 2010"
10/14/2010,11:27 PM,First Quarter,2,2010-10-14 23:27:00,1287091620,"October 14, 2010"
10/23/2010,03:37 AM,Full Moon,3,2010-10-23 03:37:00,1287797820,"October 23, 2010"
10/30/2010,02:46 PM,Last Quarter,4,2010-10-30 14:46:00,1288442760,"October 30, 2010"
11/06/2010,05:52 AM,New Moon,1,2010-11-06 05:52:00,1289019120,"November 6, 2010"
11/13/2010,05:39 PM,First Quarter,2,2010-11-13 17:39:00,1289666340,"November 13, 2010"
11/21/2010,06:27 PM,Full Moon,3,2010-11-21 18:27:00,1290360420,"November 21, 2010"
11/28/2010,09:36 PM,Last Quarter,4,2010-11-28 21:36:00,1290976560,"November 28, 2010"
12/05/2010,06:36 PM,New Moon,1,2010-12-05 18:36:00,1291570560,"December 5, 2010"
12/13/2010,02:59 PM,First Quarter,2,2010-12-13 14:59:00,1292248740,"December 13, 2010"
12/21/2010,09:13 AM,Full Moon,3,2010-12-21 09:13:00,1292919180,"December 21, 2010"
12/28/2010,05:18 AM,Last Quarter,4,2010-12-28 05:18:00,1293509880,"December 28, 2010"
01/04/2011,10:03 AM,New Moon,1,2011-01-04 10:03:00,1294131780,"January 4, 2011"
01/12/2011,12:31 PM,First Quarter,2,2011-01-12 12:31:00,1294831860,"January 12, 2011"
01/19/2011,10:21 PM,Full Moon,3,2011-01-19 22:21:00,1295472060,"January 19, 2011"
01/26/2011,01:57 PM,Last Quarter,4,2011-01-26 13:57:00,1296046620,"January 26, 2011"
02/03/2011,03:31 AM,New Moon,1,2011-02-03 03:31:00,1296700260,"February 3, 2011"
02/11/2011,08:18 AM,First Quarter,2,2011-02-11 08:18:00,1297408680,"February 11, 2011"
02/18/2011,09:36 AM,Full Moon,3,2011-02-18 09:36:00,1298018160,"February 18, 2011"
02/25/2011,12:26 AM,Last Quarter,4,2011-02-25 00:26:00,1298589960,"February 25, 2011"
03/04/2011,09:46 PM,New Moon,1,2011-03-04 21:46:00,1299271560,"March 4, 2011"
03/13/2011,12:45 AM,First Quarter,2,2011-03-13 00:45:00,1299973500,"March 13, 2011"
03/19/2011,07:10 PM,Full Moon,3,2011-03-19 19:10:00,1300558200,"March 19, 2011"
03/26/2011,01:07 PM,Last Quarter,4,2011-03-26 13:07:00,1301141220,"March 26, 2011"
04/03/2011,04:32 PM,New Moon,1,2011-04-03 16:32:00,1301841120,"April 3, 2011"
04/11/2011,02:05 PM,First Quarter,2,2011-04-11 14:05:00,1302523500,"April 11, 2011"
04/18/2011,04:44 AM,Full Moon,3,2011-04-18 04:44:00,1303094640,"April 18, 2011"
04/25/2011,04:47 AM,Last Quarter,4,2011-04-25 04:47:00,1303699620,"April 25, 2011"
05/03/2011,08:51 AM,New Moon,1,2011-05-03 08:51:00,1304405460,"May 3, 2011"
05/10/2011,10:33 PM,First Quarter,2,2011-05-10 22:33:00,1305059580,"May 10, 2011"
05/17/2011,01:09 PM,Full Moon,3,2011-05-17 13:09:00,1305630540,"May 17, 2011"
05/24/2011,08:52 PM,Last Quarter,4,2011-05-24 20:52:00,1306263120,"May 24, 2011"
06/01/2011,11:03 PM,New Moon,1,2011-06-01 23:03:00,1306962180,"June 1, 2011"
06/09/2011,04:11 AM,First Quarter,2,2011-06-09 04:11:00,1307585460,"June 9, 2011"
06/15/2011,10:14 PM,Full Moon,3,2011-06-15 22:14:00,1308168840,"June 15, 2011"
06/23/2011,01:48 PM,Last Quarter,4,2011-06-23 13:48:00,1308829680,"June 23, 2011"
07/01/2011,10:54 AM,New Moon,1,2011-07-01 10:54:00,1309510440,"July 1, 2011"
07/08/2011,08:29 AM,First Quarter,2,2011-07-08 08:29:00,1310106540,"July 8, 2011"
07/15/2011,08:40 AM,Full Moon,3,2011-07-15 08:40:00,1310712000,"July 15, 2011"
07/23/2011,07:02 AM,Last Quarter,4,2011-07-23 07:02:00,1311397320,"July 23, 2011"
07/30/2011,08:40 PM,New Moon,1,2011-07-30 20:40:00,1312051200,"July 30, 2011"
08/06/2011,01:08 PM,First Quarter,2,2011-08-06 13:08:00,1312628880,"August 6, 2011"
08/13/2011,08:58 PM,Full Moon,3,2011-08-13 20:58:00,1313261880,"August 13, 2011"
08/21/2011,11:54 PM,Last Quarter,4,2011-08-21 23:54:00,1313963640,"August 21, 2011"
08/29/2011,05:04 AM,New Moon,1,2011-08-29 05:04:00,1314587040,"August 29, 2011"
09/04/2011,07:39 PM,First Quarter,2,2011-09-04 19:39:00,1315157940,"September 4, 2011"
09/12/2011,11:27 AM,Full Moon,3,2011-09-12 11:27:00,1315819620,"September 12, 2011"
09/20/2011,03:39 PM,Last Quarter,4,2011-09-20 15:39:00,1316525940,"September 20, 2011"
09/27/2011,01:09 PM,New Moon,1,2011-09-27 13:09:00,1317121740,"September 27, 2011"
10/04/2011,05:15 AM,First Quarter,2,2011-10-04 05:15:00,1317698100,"October 4, 2011"
10/12/2011,04:06 AM,Full Moon,3,2011-10-12 04:06:00,1318385160,"October 12, 2011"
10/20/2011,05:30 AM,Last Quarter,4,2011-10-20 05:30:00,1319081400,"October 20, 2011"
10/26/2011,09:56 PM,New Moon,1,2011-10-26 21:56:00,1319658960,"October 26, 2011"
11/02/2011,05:38 PM,First Quarter,2,2011-11-02 17:38:00,1320251880,"November 2, 2011"
11/10/2011,09:16 PM,Full Moon,3,2011-11-10 21:16:00,1320956160,"November 10, 2011"
11/18/2011,04:09 PM,Last Quarter,4,2011-11-18 16:09:00,1321628940,"November 18, 2011"
11/25/2011,07:10 AM,New Moon,1,2011-11-25 07:10:00,1322201400,"November 25, 2011"
12/02/2011,10:52 AM,First Quarter,2,2011-12-02 10:52:00,1322819520,"December 2, 2011"
12/10/2011,03:36 PM,Full Moon,3,2011-12-10 15:36:00,1323527760,"December 10, 2011"
12/18/2011,01:48 AM,Last Quarter,4,2011-12-18 01:48:00,1324169280,"December 18, 2011"
12/24/2011,07:06 PM,New Moon,1,2011-12-24 19:06:00,1324749960,"December 24, 2011"
01/01/2012,07:15 AM,First Quarter,2,2012-01-01 07:15:00,1325398500,"January 1, 2012"
01/09/2012,08:30 AM,Full Moon,3,2012-01-09 08:30:00,1326094200,"January 9, 2012"
01/16/2012,10:08 AM,Last Quarter,4,2012-01-16 10:08:00,1326704880,"January 16, 2012"
01/23/2012,08:39 AM,New Moon,1,2012-01-23 08:39:00,1327304340,"January 23, 2012"
01/31/2012,05:10 AM,First Quarter,2,2012-01-31 05:10:00,1327983000,"January 31, 2012"
02/07/2012,10:54 PM,Full Moon,3,2012-02-07 22:54:00,1328651640,"February 7, 2012"
02/14/2012,06:04 PM,Last Quarter,4,2012-02-14 18:04:00,1329239040,"February 14, 2012"
02/21/2012,11:35 PM,New Moon,1,2012-02-21 23:35:00,1329863700,"February 21, 2012"
03/01/2012,02:21 AM,First Quarter,2,2012-03-01 02:21:00,1330564860,"March 1, 2012"
03/08/2012,10:39 AM,Full Moon,3,2012-03-08 10:39:00,1331199540,"March 8, 2012"
03/15/2012,02:25 AM,Last Quarter,4,2012-03-15 02:25:00,1331774700,"March 15, 2012"
03/22/2012,03:37 PM,New Moon,1,2012-03-22 15:37:00,1332427020,"March 22, 2012"
03/30/2012,09:41 PM,First Quarter,2,2012-03-30 21:41:00,1333136460,"March 30, 2012"
04/06/2012,09:19 PM,Full Moon,3,2012-04-06 21:19:00,1333739940,"April 6, 2012"
04/13/2012,12:50 PM,Last Quarter,4,2012-04-13 12:50:00,1334314200,"April 13, 2012"
04/21/2012,09:18 AM,New Moon,1,2012-04-21 09:18:00,1334992680,"April 21, 2012"
04/29/2012,11:57 AM,First Quarter,2,2012-04-29 11:57:00,1335693420,"April 29, 2012"
05/06/2012,05:35 AM,Full Moon,3,2012-05-06 05:35:00,1336275300,"May 6, 2012"
05/12/2012,11:47 PM,Last Quarter,4,2012-05-12 23:47:00,1336859220,"May 12, 2012"
05/21/2012,01:47 AM,New Moon,1,2012-05-21 01:47:00,1337557620,"May 21, 2012"
05/28/2012,10:16 PM,First Quarter,2,2012-05-28 22:16:00,1338236160,"May 28, 2012"
06/04/2012,01:12 PM,Full Moon,3,2012-06-04 13:12:00,1338808320,"June 4, 2012"
06/11/2012,12:41 PM,Last Quarter,4,2012-06-11 12:41:00,1339411260,"June 11, 2012"
06/19/2012,05:02 PM,New Moon,1,2012-06-19 17:02:00,1340118120,"June 19, 2012"
06/27/2012,05:30 AM,First Quarter,2,2012-06-27 05:30:00,1340767800,"June 27, 2012"
07/03/2012,08:52 PM,Full Moon,3,2012-07-03 20:52:00,1341341520,"July 3, 2012"
07/11/2012,03:48 AM,Last Quarter,4,2012-07-11 03:48:00,1341971280,"July 11, 2012"
07/19/2012,06:24 AM,New Moon,1,2012-07-19 06:24:00,1342671840,"July 19, 2012"
07/26/2012,10:56 AM,First Quarter,2,2012-07-26 10:56:00,1343292960,"July 26, 2012"
08/02/2012,05:27 AM,Full Moon,3,2012-08-02 05:27:00,1343878020,"August 2, 2012"
08/09/2012,08:55 PM,Last Quarter,4,2012-08-09 20:55:00,1344538500,"August 9, 2012"
08/17/2012,05:54 PM,New Moon,1,2012-08-17 17:54:00,1345218840,"August 17, 2012"
08/24/2012,03:54 PM,First Quarter,2,2012-08-24 15:54:00,1345816440,"August 24, 2012"
08/31/2012,03:58 PM,Full Moon,3,2012-08-31 15:58:00,1346421480,"August 31, 2012"
09/08/2012,03:15 PM,Last Quarter,4,2012-09-08 15:15:00,1347110100,"September 8, 2012"
09/16/2012,04:11 AM,New Moon,1,2012-09-16 04:11:00,1347761460,"September 16, 2012"
09/22/2012,09:41 PM,First Quarter,2,2012-09-22 21:41:00,1348342860,"September 22, 2012"
09/30/2012,05:19 AM,Full Moon,3,2012-09-30 05:19:00,1348975140,"September 30, 2012"
10/08/2012,09:33 AM,Last Quarter,4,2012-10-08 09:33:00,1349681580,"October 8, 2012"
10/15/2012,02:03 PM,New Moon,1,2012-10-15 14:03:00,1350302580,"October 15, 2012"
10/22/2012,05:32 AM,First Quarter,2,2012-10-22 05:32:00,1350876720,"October 22, 2012"
10/29/2012,08:49 PM,Full Moon,3,2012-10-29 20:49:00,1351540140,"October 29, 2012"
11/07/2012,01:36 AM,Last Quarter,4,2012-11-07 01:36:00,1352248560,"November 7, 2012"
11/13/2012,11:08 PM,New Moon,1,2012-11-13 23:08:00,1352844480,"November 13, 2012"
11/20/2012,03:31 PM,First Quarter,2,2012-11-20 15:31:00,1353421860,"November 20, 2012"
11/28/2012,03:46 PM,Full Moon,3,2012-11-28 15:46:00,1354113960,"November 28, 2012"
12/06/2012,04:31 PM,Last Quarter,4,2012-12-06 16:31:00,1354807860,"December 6, 2012"
12/13/2012,09:42 AM,New Moon,1,2012-12-13 09:42:00,1355388120,"December 13, 2012"
12/20/2012,06:19 AM,First Quarter,2,2012-12-20 06:19:00,1355980740,"December 20, 2012"
12/28/2012,11:21 AM,Full Moon,3,2012-12-28 11:21:00,1356690060,"December 28, 2012"
01/05/2013,04:58 AM,Last Quarter,4,2013-01-05 04:58:00,1357358280,"January 5, 2013"
01/11/2013,08:44 PM,New Moon,1,2013-01-11 20:44:00,1357933440,"January 11, 2013"
01/19/2013,12:45 AM,First Quarter,2,2013-01-19 00:45:00,1358552700,"January 19, 2013"
01/27/2013,05:38 AM,Full Moon,3,2013-01-27 05:38:00,1359261480,"January 27, 2013"
02/03/2013,02:56 PM,Last Quarter,4,2013-02-03 14:56:00,1359899760,"February 3, 2013"
02/10/2013,08:20 AM,New Moon,1,2013-02-10 08:20:00,1360480800,"February 10, 2013"
02/17/2013,09:31 PM,First Quarter,2,2013-02-17 21:31:00,1361133060,"February 17, 2013"
02/25/2013,09:26 PM,Full Moon,3,2013-02-25 21:26:00,1361823960,"February 25, 2013"
03/04/2013,10:53 PM,Last Quarter,4,2013-03-04 22:53:00,1362433980,"March 4, 2013"
03/11/2013,08:51 PM,New Moon,1,2013-03-11 20:51:00,1363031460,"March 11, 2013"
03/19/2013,06:27 PM,First Quarter,2,2013-03-19 18:27:00,1363714020,"March 19, 2013"
03/27/2013,10:27 AM,Full Moon,3,2013-03-27 10:27:00,1364376420,"March 27, 2013"
04/03/2013,06:37 AM,Last Quarter,4,2013-04-03 06:37:00,1364963820,"April 3, 2013"
04/10/2013,11:35 AM,New Moon,1,2013-04-10 11:35:00,1365586500,"April 10, 2013"
04/18/2013,02:31 PM,First Quarter,2,2013-04-18 14:31:00,1366288260,"April 18, 2013"
04/25/2013,09:57 PM,Full Moon,3,2013-04-25 21:57:00,1366919820,"April 25, 2013"
05/02/2013,01:14 PM,Last Quarter,4,2013-05-02 13:14:00,1367493240,"May 2, 2013"
05/10/2013,02:28 AM,New Moon,1,2013-05-10 02:28:00,1368145680,"May 10, 2013"
05/18/2013,06:35 AM,First Quarter,2,2013-05-18 06:35:00,1368851700,"May 18, 2013"
05/25/2013,06:25 AM,Full Moon,3,2013-05-25 06:25:00,1369455900,"May 25, 2013"
05/31/2013,08:58 PM,Last Quarter,4,2013-05-31 20:58:00,1370026680,"May 31, 2013"
06/08/2013,05:56 PM,New Moon,1,2013-06-08 17:56:00,1370706960,"June 8, 2013"
06/16/2013,07:24 PM,First Quarter,2,2013-06-16 19:24:00,1371403440,"June 16, 2013"
06/23/2013,01:32 PM,Full Moon,3,2013-06-23 13:32:00,1371987120,"June 23, 2013"
06/30/2013,06:54 AM,Last Quarter,4,2013-06-30 06:54:00,1372568040,"June 30, 2013"
07/08/2013,09:14 AM,New Moon,1,2013-07-08 09:14:00,1373267640,"July 8, 2013"
07/16/2013,05:18 AM,First Quarter,2,2013-07-16 05:18:00,1373944680,"July 16, 2013"
07/22/2013,08:16 PM,Full Moon,3,2013-07-22 20:16:00,1374516960,"July 22, 2013"
07/29/2013,07:43 PM,Last Quarter,4,2013-07-29 19:43:00,1375119780,"July 29, 2013"
08/06/2013,11:51 PM,New Moon,1,2013-08-06 23:51:00,1375825860,"August 6, 2013"
08/14/2013,12:56 PM,First Quarter,2,2013-08-14 12:56:00,1376477760,"August 14, 2013"
08/21/2013,03:45 AM,Full Moon,3,2013-08-21 03:45:00,1377049500,"August 21, 2013"
08/28/2013,11:35 AM,Last Quarter,4,2013-08-28 11:35:00,1377682500,"August 28, 2013"
09/05/2013,01:36 PM,New Moon,1,2013-09-05 13:36:00,1378380960,"September 5, 2013"
09/12/2013,07:08 PM,First Quarter,2,2013-09-12 19:08:00,1379005680,"September 12, 2013"
09/19/2013,01:13 PM,Full Moon,3,2013-09-19 13:13:00,1379589180,"September 19, 2013"
09/27/2013,05:55 AM,Last Quarter,4,2013-09-27 05:55:00,1380254100,"September 27, 2013"
10/05/2013,02:35 AM,New Moon,1,2013-10-05 02:35:00,1380933300,"October 5, 2013"
10/12/2013,01:02 AM,First Quarter,2,2013-10-12 01:02:00,1381532520,"October 12, 2013"
10/19/2013,01:38 AM,Full Moon,3,2013-10-19 01:38:00,1382139480,"October 19, 2013"
10/27/2013,01:40 AM,Last Quarter,4,2013-10-27 01:40:00,1382830800,"October 27, 2013"
11/03/2013,01:50 PM,New Moon,1,2013-11-03 13:50:00,1383483000,"November 3, 2013"
11/10/2013,06:57 AM,First Quarter,2,2013-11-10 06:57:00,1384063020,"November 10, 2013"
11/17/2013,04:16 PM,Full Moon,3,2013-11-17 16:16:00,1384701360,"November 17, 2013"
11/25/2013,08:28 PM,Last Quarter,4,2013-11-25 20:28:00,1385407680,"November 25, 2013"
12/03/2013,01:22 AM,New Moon,1,2013-12-03 01:22:00,1386030120,"December 3, 2013"
12/09/2013,04:12 PM,First Quarter,2,2013-12-09 16:12:00,1386601920,"December 9, 2013"
12/17/2013,10:28 AM,Full Moon,3,2013-12-17 10:28:00,1387272480,"December 17, 2013"
12/25/2013,02:48 PM,Last Quarter,4,2013-12-25 14:48:00,1387979280,"December 25, 2013"
01/01/2014,12:14 PM,New Moon,1,2014-01-01 12:14:00,1388574840,"January 1, 2014"
01/08/2014,04:39 AM,First Quarter,2,2014-01-08 04:39:00,1389152340,"January 8, 2014"
01/16/2014,05:52 AM,Full Moon,3,2014-01-16 05:52:00,1389847920,"January 16, 2014"
01/24/2014,06:20 AM,Last Quarter,4,2014-01-24 06:20:00,1390540800,"January 24, 2014"
01/30/2014,10:39 PM,New Moon,1,2014-01-30 22:39:00,1391117940,"January 30, 2014"
02/06/2014,08:22 PM,First Quarter,2,2014-02-06 20:22:00,1391714520,"February 6, 2014"
02/15/2014,12:53 AM,Full Moon,3,2014-02-15 00:53:00,1392421980,"February 15, 2014"
02/22/2014,06:15 PM,Last Quarter,4,2014-02-22 18:15:00,1393089300,"February 22, 2014"
03/01/2014,09:00 AM,New Moon,1,2014-03-01 09:00:00,1393660800,"March 1, 2014"
03/08/2014,02:27 PM,First Quarter,2,2014-03-08 14:27:00,1394285220,"March 8, 2014"
03/16/2014,06:08 PM,Full Moon,3,2014-03-16 18:08:00,1394989680,"March 16, 2014"
03/24/2014,02:46 AM,Last Quarter,4,2014-03-24 02:46:00,1395625560,"March 24, 2014"
03/30/2014,08:45 PM,New Moon,1,2014-03-30 20:45:00,1396205100,"March 30, 2014"
04/07/2014,10:31 AM,First Quarter,2,2014-04-07 10:31:00,1396859460,"April 7, 2014"
04/15/2014,09:42 AM,Full Moon,3,2014-04-15 09:42:00,1397547720,"April 15, 2014"
04/22/2014,09:52 AM,Last Quarter,4,2014-04-22 09:52:00,1398153120,"April 22, 2014"
04/29/2014,08:14 AM,New Moon,1,2014-04-29 08:14:00,1398752040,"April 29, 2014"
05/07/2014,05:15 AM,First Quarter,2,2014-05-07 05:15:00,1399432500,"May 7, 2014"
05/14/2014,09:16 PM,Full Moon,3,2014-05-14 21:16:00,1400094960,"May 14, 2014"
05/21/2014,02:59 PM,Last Quarter,4,2014-05-21 14:59:00,1400677140,"May 21, 2014"
05/28/2014,08:40 PM,New Moon,1,2014-05-28 20:40:00,1401302400,"May 28, 2014"
06/05/2014,10:39 PM,First Quarter,2,2014-06-05 22:39:00,1402000740,"June 5, 2014"
06/13/2014,06:11 AM,Full Moon,3,2014-06-13 06:11:00,1402632660,"June 13, 2014"
06/19/2014,08:39 PM,Last Quarter,4,2014-06-19 20:39:00,1403203140,"June 19, 2014"
06/27/2014,10:08 AM,New Moon,1,2014-06-27 10:08:00,1403856480,"June 27, 2014"
07/05/2014,01:59 PM,First Quarter,2,2014-07-05 13:59:00,1404561540,"July 5, 2014"
07/12/2014,01:25 PM,Full Moon,3,2014-07-12 13:25:00,1405164300,"July 12, 2014"
07/19/2014,04:08 AM,Last Quarter,4,2014-07-19 04:08:00,1405735680,"July 19, 2014"
07/27/2014,12:42 AM,New Moon,1,2014-07-27 00:42:00,1406414520,"July 27, 2014"
08/04/2014,02:50 AM,First Quarter,2,2014-08-04 02:50:00,1407113400,"August 4, 2014"
08/10/2014,08:09 PM,Full Moon,3,2014-08-10 20:09:00,1407694140,"August 10, 2014"
08/17/2014,02:26 PM,Last Quarter,4,2014-08-17 14:26:00,1408278360,"August 17, 2014"
08/25/2014,04:13 PM,New Moon,1,2014-08-25 16:13:00,1408975980,"August 25, 2014"
09/02/2014,01:11 PM,First Quarter,2,2014-09-02 13:11:00,1409656260,"September 2, 2014"
09/09/2014,03:38 AM,Full Moon,3,2014-09-09 03:38:00,1410226680,"September 9, 2014"
09/16/2014,04:05 AM,Last Quarter,4,2014-09-16 04:05:00,1410833100,"September 16, 2014"
09/24/2014,08:14 AM,New Moon,1,2014-09-24 08:14:00,1411539240,"September 24, 2014"
10/01/2014,09:33 PM,First Quarter,2,2014-10-01 21:33:00,1412191980,"October 1, 2014"
10/08/2014,12:51 PM,Full Moon,3,2014-10-08 12:51:00,1412765460,"October 8, 2014"
10/15/2014,09:12 PM,Last Quarter,4,2014-10-15 21:12:00,1413400320,"October 15, 2014"
10/23/2014,11:57 PM,New Moon,1,2014-10-23 23:57:00,1414101420,"October 23, 2014"
10/31/2014,03:48 AM,First Quarter,2,2014-10-31 03:48:00,1414723680,"October 31, 2014"
11/06/2014,11:23 PM,Full Moon,3,2014-11-06 23:23:00,1415312580,"November 6, 2014"
11/14/2014,04:16 PM,Last Quarter,4,2014-11-14 16:16:00,1415978160,"November 14, 2014"
11/22/2014,01:32 PM,New Moon,1,2014-11-22 13:32:00,1416659520,"November 22, 2014"
11/29/2014,11:06 AM,First Quarter,2,2014-11-29 11:06:00,1417255560,"November 29, 2014"
12/06/2014,01:27 PM,Full Moon,3,2014-12-06 13:27:00,1417868820,"December 6, 2014"
12/14/2014,01:51 PM,Last Quarter,4,2014-12-14 13:51:00,1418561460,"December 14, 2014"
12/22/2014,02:36 AM,New Moon,1,2014-12-22 02:36:00,1419212160,"December 22, 2014"
12/28/2014,07:31 PM,First Quarter,2,2014-12-28 19:31:00,1419791460,"December 28, 2014"
01/05/2015,05:53 AM,Full Moon,3,2015-01-05 05:53:00,1420433580,"January 5, 2015"
01/13/2015,10:46 AM,Last Quarter,4,2015-01-13 10:46:00,1421142360,"January 13, 2015"
01/20/2015,02:14 PM,New Moon,1,2015-01-20 14:14:00,1421759640,"January 20, 2015"
01/27/2015,05:48 AM,First Quarter,2,2015-01-27 05:48:00,1422334080,"January 27, 2015"
02/04/2015,12:09 AM,Full Moon,3,2015-02-04 00:09:00,1423004940,"February 4, 2015"
02/12/2015,04:50 AM,Last Quarter,4,2015-02-12 04:50:00,1423713000,"February 12, 2015"
02/19/2015,12:47 AM,New Moon,1,2015-02-19 00:47:00,1424303220,"February 19, 2015"
02/25/2015,06:14 PM,First Quarter,2,2015-02-25 18:14:00,1424884440,"February 25, 2015"
03/05/2015,07:05 PM,Full Moon,3,2015-03-05 19:05:00,1425578700,"March 5, 2015"
03/13/2015,06:48 PM,Last Quarter,4,2015-03-13 18:48:00,1426268880,"March 13, 2015"
03/20/2015,10:36 AM,New Moon,1,2015-03-20 10:36:00,1426844160,"March 20, 2015"
03/27/2015,08:43 AM,First Quarter,2,2015-03-27 08:43:00,1427442180,"March 27, 2015"
04/04/2015,02:06 PM,Full Moon,3,2015-04-04 14:06:00,1428149160,"April 4, 2015"
04/12/2015,05:44 AM,Last Quarter,4,2015-04-12 05:44:00,1428810240,"April 12, 2015"
04/18/2015,08:57 PM,New Moon,1,2015-04-18 20:57:00,1429383420,"April 18, 2015"
04/26/2015,01:55 AM,First Quarter,2,2015-04-26 01:55:00,1430006100,"April 26, 2015"
05/04/2015,05:42 AM,Full Moon,3,2015-05-04 05:42:00,1430710920,"May 4, 2015"
05/11/2015,12:36 PM,Last Quarter,4,2015-05-11 12:36:00,1431340560,"May 11, 2015"
05/18/2015,06:13 AM,New Moon,1,2015-05-18 06:13:00,1431922380,"May 18, 2015"
05/25/2015,07:19 PM,First Quarter,2,2015-05-25 19:19:00,1432574340,"May 25, 2015"
06/02/2015,06:19 PM,Full Moon,3,2015-06-02 18:19:00,1433261940,"June 2, 2015"
06/09/2015,05:42 PM,Last Quarter,4,2015-06-09 17:42:00,1433864520,"June 9, 2015"
06/16/2015,04:05 PM,New Moon,1,2015-06-16 16:05:00,1434463500,"June 16, 2015"
06/24/2015,01:03 PM,First Quarter,2,2015-06-24 13:03:00,1435143780,"June 24, 2015"
07/02/2015,04:20 AM,Full Moon,3,2015-07-02 04:20:00,1435803600,"July 2, 2015"
07/08/2015,10:24 PM,Last Quarter,4,2015-07-08 22:24:00,1436387040,"July 8, 2015"
07/16/2015,03:24 AM,New Moon,1,2015-07-16 03:24:00,1437009840,"July 16, 2015"
07/24/2015,06:04 AM,First Quarter,2,2015-07-24 06:04:00,1437710640,"July 24, 2015"
07/31/2015,12:43 PM,Full Moon,3,2015-07-31 12:43:00,1438339380,"July 31, 2015"
08/07/2015,04:03 AM,Last Quarter,4,2015-08-07 04:03:00,1438912980,"August 7, 2015"
08/14/2015,04:53 PM,New Moon,1,2015-08-14 16:53:00,1439563980,"August 14, 2015"
08/22/2015,09:31 PM,First Quarter,2,2015-08-22 21:31:00,1440271860,"August 22, 2015"
08/29/2015,08:35 PM,Full Moon,3,2015-08-29 20:35:00,1440873300,"August 29, 2015"
09/05/2015,11:54 AM,Last Quarter,4,2015-09-05 11:54:00,1441446840,"September 5, 2015"
09/13/2015,08:41 AM,New Moon,1,2015-09-13 08:41:00,1442126460,"September 13, 2015"
09/21/2015,10:59 AM,First Quarter,2,2015-09-21 10:59:00,1442825940,"September 21, 2015"
09/28/2015,04:51 AM,Full Moon,3,2015-09-28 04:51:00,1443408660,"September 28, 2015"
10/04/2015,11:06 PM,Last Quarter,4,2015-10-04 23:06:00,1443992760,"October 4, 2015"
10/13/2015,02:06 AM,New Moon,1,2015-10-13 02:06:00,1444694760,"October 13, 2015"
10/20/2015,10:31 PM,First Quarter,2,2015-10-20 22:31:00,1445373060,"October 20, 2015"
10/27/2015,01:05 PM,Full Moon,3,2015-10-27 13:05:00,1445947500,"October 27, 2015"
11/03/2015,01:24 PM,Last Quarter,4,2015-11-03 13:24:00,1446553440,"November 3, 2015"
11/11/2015,06:47 PM,New Moon,1,2015-11-11 18:47:00,1447264020,"November 11, 2015"
11/19/2015,07:27 AM,First Quarter,2,2015-11-19 07:27:00,1447914420,"November 19, 2015"
11/25/2015,11:44 PM,Full Moon,3,2015-11-25 23:44:00,1448491440,"November 25, 2015"
12/03/2015,08:40 AM,Last Quarter,4,2015-12-03 08:40:00,1449128400,"December 3, 2015"
12/11/2015,11:29 AM,New Moon,1,2015-12-11 11:29:00,1449829740,"December 11, 2015"
12/18/2015,04:14 PM,First Quarter,2,2015-12-18 16:14:00,1450451640,"December 18, 2015"
12/25/2015,12:11 PM,Full Moon,3,2015-12-25 12:11:00,1451041860,"December 25, 2015"
01/02/2016,06:30 AM,Last Quarter,4,2016-01-02 06:30:00,1451712600,"January 2, 2016"
01/10/2016,02:31 AM,New Moon,1,2016-01-10 02:31:00,1452389460,"January 10, 2016"
01/17/2016,12:26 AM,First Quarter,2,2016-01-17 00:26:00,1452986760,"January 17, 2016"
01/24/2016,02:46 AM,Full Moon,3,2016-01-24 02:46:00,1453599960,"January 24, 2016"
02/01/2016,04:28 AM,Last Quarter,4,2016-02-01 04:28:00,1454297280,"February 1, 2016"
02/08/2016,03:39 PM,New Moon,1,2016-02-08 15:39:00,1454942340,"February 8, 2016"
02/15/2016,08:46 AM,First Quarter,2,2016-02-15 08:46:00,1455522360,"February 15, 2016"
02/22/2016,07:20 PM,Full Moon,3,2016-02-22 19:20:00,1456165200,"February 22, 2016"
03/02/2016,12:11 AM,Last Quarter,4,2016-03-02 00:11:00,1456873860,"March 2, 2016"
03/09/2016,02:54 AM,New Moon,1,2016-03-09 02:54:00,1457488440,"March 9, 2016"
03/15/2016,06:03 PM,First Quarter,2,2016-03-15 18:03:00,1458061380,"March 15, 2016"
03/23/2016,01:01 PM,Full Moon,3,2016-03-23 13:01:00,1458734460,"March 23, 2016"
03/31/2016,05:17 PM,Last Quarter,4,2016-03-31 17:17:00,1459437420,"March 31, 2016"
04/07/2016,01:24 PM,New Moon,1,2016-04-07 13:24:00,1460028240,"April 7, 2016"
04/14/2016,05:59 AM,First Quarter,2,2016-04-14 05:59:00,1460606340,"April 14, 2016"
04/22/2016,07:24 AM,Full Moon,3,2016-04-22 07:24:00,1461302640,"April 22, 2016"
04/30/2016,05:29 AM,Last Quarter,4,2016-04-30 05:29:00,1461986940,"April 30, 2016"
05/06/2016,09:30 PM,New Moon,1,2016-05-06 21:30:00,1462563000,"May 6, 2016"
05/13/2016,07:02 PM,First Quarter,2,2016-05-13 19:02:00,1463158920,"May 13, 2016"
05/21/2016,11:14 PM,Full Moon,3,2016-05-21 23:14:00,1463865240,"May 21, 2016"
05/29/2016,02:12 PM,Last Quarter,4,2016-05-29 14:12:00,1464523920,"May 29, 2016"
06/05/2016,05:00 AM,New Moon,1,2016-06-05 05:00:00,1465095600,"June 5, 2016"
06/12/2016,10:10 AM,First Quarter,2,2016-06-12 10:10:00,1465719000,"June 12, 2016"
06/20/2016,01:02 PM,Full Moon,3,2016-06-20 13:02:00,1466420520,"June 20, 2016"
06/27/2016,08:19 PM,Last Quarter,4,2016-06-27 20:19:00,1467051540,"June 27, 2016"
07/04/2016,01:01 PM,New Moon,1,2016-07-04 13:01:00,1467630060,"July 4, 2016"
07/12/2016,02:52 AM,First Quarter,2,2016-07-12 02:52:00,1468284720,"July 12, 2016"
07/20/2016,12:57 AM,Full Moon,3,2016-07-20 00:57:00,1468969020,"July 20, 2016"
07/27/2016,01:00 AM,Last Quarter,4,2016-07-27 01:00:00,1469574000,"July 27, 2016"
08/02/2016,10:45 PM,New Moon,1,2016-08-02 22:45:00,1470170700,"August 2, 2016"
08/10/2016,08:21 PM,First Quarter,2,2016-08-10 20:21:00,1470853260,"August 10, 2016"
08/18/2016,11:27 AM,Full Moon,3,2016-08-18 11:27:00,1471512420,"August 18, 2016"
08/25/2016,05:41 AM,Last Quarter,4,2016-08-25 05:41:00,1472096460,"August 25, 2016"
09/01/2016,11:03 AM,New Moon,1,2016-09-01 11:03:00,1472720580,"September 1, 2016"
09/09/2016,01:49 PM,First Quarter,2,2016-09-09 13:49:00,1473421740,"September 9, 2016"
09/16/2016,09:05 PM,Full Moon,3,2016-09-16 21:05:00,1474052700,"September 16, 2016"
09/23/2016,11:56 AM,Last Quarter,4,2016-09-23 11:56:00,1474624560,"September 23, 2016"
10/01/2016,02:11 AM,New Moon,1,2016-10-01 02:11:00,1475280660,"October 1, 2016"
10/09/2016,06:33 AM,First Quarter,2,2016-10-09 06:33:00,1475987580,"October 9, 2016"
10/16/2016,06:23 AM,Full Moon,3,2016-10-16 06:23:00,1476591780,"October 16, 2016"
10/22/2016,09:14 PM,Last Quarter,4,2016-10-22 21:14:00,1477163640,"October 22, 2016"
10/30/2016,06:38 PM,New Moon,1,2016-10-30 18:38:00,1477849080,"October 30, 2016"
11/07/2016,08:51 PM,First Quarter,2,2016-11-07 20:51:00,1478548260,"November 7, 2016"
11/14/2016,02:52 PM,Full Moon,3,2016-11-14 14:52:00,1479131520,"November 14, 2016"
11/21/2016,09:33 AM,Last Quarter,4,2016-11-21 09:33:00,1479717180,"November 21, 2016"
11/29/2016,01:18 PM,New Moon,1,2016-11-29 13:18:00,1480421880,"November 29, 2016"
12/07/2016,10:03 AM,First Quarter,2,2016-12-07 10:03:00,1481101380,"December 7, 2016"
12/14/2016,01:06 AM,Full Moon,3,2016-12-14 01:06:00,1481673960,"December 14, 2016"
12/21/2016,02:56 AM,Last Quarter,4,2016-12-21 02:56:00,1482285360,"December 21, 2016"
12/29/2016,07:53 AM,New Moon,1,2016-12-29 07:53:00,1482994380,"December 29, 2016"
01/05/2017,08:47 PM,First Quarter,2,2017-01-05 20:47:00,1483645620,"January 5, 2017"
01/12/2017,12:34 PM,Full Moon,3,2017-01-12 12:34:00,1484220840,"January 12, 2017"
01/19/2017,11:13 PM,Last Quarter,4,2017-01-19 23:13:00,1484863980,"January 19, 2017"
01/28/2017,01:07 AM,New Moon,1,2017-01-28 01:07:00,1485562020,"January 28, 2017"
02/04/2017,05:19 AM,First Quarter,2,2017-02-04 05:19:00,1486181940,"February 4, 2017"
02/11/2017,01:33 AM,Full Moon,3,2017-02-11 01:33:00,1486773180,"February 11, 2017"
02/18/2017,08:33 PM,Last Quarter,4,2017-02-18 20:33:00,1487446380,"February 18, 2017"
02/26/2017,03:58 PM,New Moon,1,2017-02-26 15:58:00,1488121080,"February 26, 2017"
03/05/2017,12:32 PM,First Quarter,2,2017-03-05 12:32:00,1488713520,"March 5, 2017"
03/12/2017,03:54 PM,Full Moon,3,2017-03-12 15:54:00,1489330440,"March 12, 2017"
03/20/2017,04:58 PM,Last Quarter,4,2017-03-20 16:58:00,1490025480,"March 20, 2017"
03/28/2017,04:57 AM,New Moon,1,2017-03-28 04:57:00,1490669820,"March 28, 2017"
04/03/2017,08:39 PM,First Quarter,2,2017-04-03 20:39:00,1491244740,"April 3, 2017"
04/11/2017,08:08 AM,Full Moon,3,2017-04-11 08:08:00,1491890880,"April 11, 2017"
04/19/2017,11:57 AM,Last Quarter,4,2017-04-19 11:57:00,1492595820,"April 19, 2017"
04/26/2017,02:16 PM,New Moon,1,2017-04-26 14:16:00,1493208960,"April 26, 2017"
05/03/2017,04:47 AM,First Quarter,2,2017-05-03 04:47:00,1493779620,"May 3, 2017"
05/10/2017,11:42 PM,Full Moon,3,2017-05-10 23:42:00,1494452520,"May 10, 2017"
05/19/2017,02:33 AM,Last Quarter,4,2017-05-19 02:33:00,1495153980,"May 19, 2017"
05/25/2017,09:44 PM,New Moon,1,2017-05-25 21:44:00,1495741440,"May 25, 2017"
06/01/2017,02:42 PM,First Quarter,2,2017-06-01 14:42:00,1496320920,"June 1, 2017"
06/09/2017,03:10 PM,Full Moon,3,2017-06-09 15:10:00,1497013800,"June 9, 2017"
06/17/2017,01:33 PM,Last Quarter,4,2017-06-17 13:33:00,1497699180,"June 17, 2017"
06/24/2017,04:31 AM,New Moon,1,2017-06-24 04:31:00,1498271460,"June 24, 2017"
07/01/2017,02:51 AM,First Quarter,2,2017-07-01 02:51:00,1498870260,"July 1, 2017"
07/09/2017,06:07 AM,Full Moon,3,2017-07-09 06:07:00,1499573220,"July 9, 2017"
07/16/2017,09:26 PM,Last Quarter,4,2017-07-16 21:26:00,1500233160,"July 16, 2017"
07/23/2017,11:46 AM,New Moon,1,2017-07-23 11:46:00,1500803160,"July 23, 2017"
07/30/2017,05:23 PM,First Quarter,2,2017-07-30 17:23:00,1501428180,"July 30, 2017"
08/07/2017,08:11 PM,Full Moon,3,2017-08-07 20:11:00,1502129460,"August 7, 2017"
08/15/2017,03:15 AM,Last Quarter,4,2017-08-15 03:15:00,1502759700,"August 15, 2017"
08/21/2017,08:30 PM,New Moon,1,2017-08-21 20:30:00,1503340200,"August 21, 2017"
08/29/2017,10:13 AM,First Quarter,2,2017-08-29 10:13:00,1503994380,"August 29, 2017"
09/06/2017,09:03 AM,Full Moon,3,2017-09-06 09:03:00,1504681380,"September 6, 2017"
09/13/2017,08:25 AM,Last Quarter,4,2017-09-13 08:25:00,1505283900,"September 13, 2017"
09/20/2017,07:30 AM,New Moon,1,2017-09-20 07:30:00,1505885400,"September 20, 2017"
09/28/2017,04:54 AM,First Quarter,2,2017-09-28 04:54:00,1506567240,"September 28, 2017"
10/05/2017,08:40 PM,Full Moon,3,2017-10-05 20:40:00,1507228800,"October 5, 2017"
10/12/2017,02:25 PM,Last Quarter,4,2017-10-12 14:25:00,1507811100,"October 12, 2017"
10/19/2017,09:12 PM,New Moon,1,2017-10-19 21:12:00,1508440320,"October 19, 2017"
10/28/2017,12:22 AM,First Quarter,2,2017-10-28 00:22:00,1509142920,"October 28, 2017"
11/04/2017,06:23 AM,Full Moon,3,2017-11-04 06:23:00,1509772980,"November 4, 2017"
11/10/2017,09:36 PM,Last Quarter,4,2017-11-10 21:36:00,1510346160,"November 10, 2017"
11/18/2017,12:42 PM,New Moon,1,2017-11-18 12:42:00,1511005320,"November 18, 2017"
11/26/2017,06:03 PM,First Quarter,2,2017-11-26 18:03:00,1511715780,"November 26, 2017"
12/03/2017,04:47 PM,Full Moon,3,2017-12-03 16:47:00,1512316020,"December 3, 2017"
12/10/2017,08:51 AM,Last Quarter,4,2017-12-10 08:51:00,1512892260,"December 10, 2017"
12/18/2017,07:30 AM,New Moon,1,2017-12-18 07:30:00,1513578600,"December 18, 2017"
12/26/2017,10:20 AM,First Quarter,2,2017-12-26 10:20:00,1514280000,"December 26, 2017"
01/02/2018,03:24 AM,Full Moon,3,2018-01-02 03:24:00,1514859840,"January 2, 2018"
01/08/2018,11:25 PM,Last Quarter,4,2018-01-08 23:25:00,1515450300,"January 8, 2018"
01/17/2018,03:17 AM,New Moon,1,2018-01-17 03:17:00,1516155420,"January 17, 2018"
01/24/2018,11:20 PM,First Quarter,2,2018-01-24 23:20:00,1516832400,"January 24, 2018"
01/31/2018,02:27 PM,Full Moon,3,2018-01-31 14:27:00,1517405220,"January 31, 2018"
02/07/2018,04:54 PM,Last Quarter,4,2018-02-07 16:54:00,1518018840,"February 7, 2018"
02/15/2018,10:05 PM,New Moon,1,2018-02-15 22:05:00,1518728700,"February 15, 2018"
02/23/2018,09:09 AM,First Quarter,2,2018-02-23 09:09:00,1519373340,"February 23, 2018"
03/02/2018,01:51 AM,Full Moon,3,2018-03-02 01:51:00,1519951860,"March 2, 2018"
03/09/2018,12:20 PM,Last Quarter,4,2018-03-09 12:20:00,1520594400,"March 9, 2018"
03/17/2018,02:12 PM,New Moon,1,2018-03-17 14:12:00,1521292320,"March 17, 2018"
03/24/2018,04:35 PM,First Quarter,2,2018-03-24 16:35:00,1521905700,"March 24, 2018"
03/31/2018,02:37 PM,Full Moon,3,2018-03-31 14:37:00,1522499820,"March 31, 2018"
04/08/2018,09:18 AM,Last Quarter,4,2018-04-08 09:18:00,1523171880,"April 8, 2018"
04/16/2018,03:57 AM,New Moon,1,2018-04-16 03:57:00,1523843820,"April 16, 2018"
04/22/2018,11:46 PM,First Quarter,2,2018-04-22 23:46:00,1524433560,"April 22, 2018"
04/30/2018,02:58 AM,Full Moon,3,2018-04-30 02:58:00,1525049880,"April 30, 2018"
05/08/2018,04:09 AM,Last Quarter,4,2018-05-08 04:09:00,1525745340,"May 8, 2018"
05/15/2018,01:48 PM,New Moon,1,2018-05-15 13:48:00,1526384880,"May 15, 2018"
05/22/2018,05:49 AM,First Quarter,2,2018-05-22 05:49:00,1526960940,"May 22, 2018"
05/29/2018,04:20 PM,Full Moon,3,2018-05-29 16:20:00,1527603600,"May 29, 2018"
06/06/2018,08:32 PM,Last Quarter,4,2018-06-06 20:32:00,1528309920,"June 6, 2018"
06/13/2018,09:43 PM,New Moon,1,2018-06-13 21:43:00,1528918980,"June 13, 2018"
06/20/2018,12:51 PM,First Quarter,2,2018-06-20 12:51:00,1529491860,"June 20, 2018"
06/28/2018,06:53 AM,Full Moon,3,2018-06-28 06:53:00,1530161580,"June 28, 2018"
07/06/2018,09:51 AM,Last Quarter,4,2018-07-06 09:51:00,1530863460,"July 6, 2018"
07/13/2018,04:48 AM,New Moon,1,2018-07-13 04:48:00,1531450080,"July 13, 2018"
07/19/2018,09:52 PM,First Quarter,2,2018-07-19 21:52:00,1532029920,"July 19, 2018"
07/27/2018,10:20 PM,Full Moon,3,2018-07-27 22:20:00,1532722800,"July 27, 2018"
08/04/2018,08:18 PM,Last Quarter,4,2018-08-04 20:18:00,1533406680,"August 4, 2018"
08/11/2018,11:58 AM,New Moon,1,2018-08-11 11:58:00,1533981480,"August 11, 2018"
08/18/2018,09:49 AM,First Quarter,2,2018-08-18 09:49:00,1534578540,"August 18, 2018"
08/26/2018,01:56 PM,Full Moon,3,2018-08-26 13:56:00,1535284560,"August 26, 2018"
09/03/2018,04:37 AM,Last Quarter,4,2018-09-03 04:37:00,1535942220,"September 3, 2018"
09/09/2018,08:01 PM,New Moon,1,2018-09-09 20:01:00,1536516060,"September 9, 2018"
09/17/2018,01:15 AM,First Quarter,2,2018-09-17 01:15:00,1537139700,"September 17, 2018"
09/25/2018,04:52 AM,Full Moon,3,2018-09-25 04:52:00,1537843920,"September 25, 2018"
10/02/2018,11:45 AM,Last Quarter,4,2018-10-02 11:45:00,1538473500,"October 2, 2018"
10/09/2018,05:47 AM,New Moon,1,2018-10-09 05:47:00,1539056820,"October 9, 2018"
10/16/2018,08:02 PM,First Quarter,2,2018-10-16 20:02:00,1539712920,"October 16, 2018"
10/24/2018,06:45 PM,Full Moon,3,2018-10-24 18:45:00,1540399500,"October 24, 2018"
10/31/2018,05:40 PM,Last Quarter,4,2018-10-31 17:40:00,1541004000,"October 31, 2018"
11/07/2018,05:02 PM,New Moon,1,2018-11-07 17:02:00,1541606520,"November 7, 2018"
11/15/2018,03:54 PM,First Quarter,2,2018-11-15 15:54:00,1542293640,"November 15, 2018"
11/23/2018,06:39 AM,Full Moon,3,2018-11-23 06:39:00,1542951540,"November 23, 2018"
11/30/2018,01:19 AM,Last Quarter,4,2018-11-30 01:19:00,1543537140,"November 30, 2018"
12/07/2018,08:20 AM,New Moon,1,2018-12-07 08:20:00,1544167200,"December 7, 2018"
12/15/2018,12:49 PM,First Quarter,2,2018-12-15 12:49:00,1544874540,"December 15, 2018"
12/22/2018,06:49 PM,Full Moon,3,2018-12-22 18:49:00,1545500940,"December 22, 2018"
12/29/2018,10:34 AM,Last Quarter,4,2018-12-29 10:34:00,1546076040,"December 29, 2018"
